open_timestamp_utc,close_timestamp_utc,open,high,low,close,volume
1555671600,1555675199,0.978,0.978,0.978,0.978,5.0
1555678800,1555682399,0.978,0.979,0.977,0.977,21336.64
1555686000,1555689599,0.9769,0.979,0.9769,0.979,5200.11
1555689600,1555693199,0.978,0.979,0.973,0.973,3675.6
1555693200,1555696799,0.978975,0.978975,0.978975,0.978975,175.05
1555696800,1555700399,0.978983,0.978983,0.974506,0.974506,186.9
1555700400,1555703999,0.9775,0.9779,0.9775,0.9779,7420.64
1555704000,1555707599,0.977901,0.977901,0.9779,0.9779,13824.46
1555707600,1555711199,0.977,0.977,0.977,0.977,5000.0
1555711200,1555714799,0.978905,0.979,0.978903,0.97899,7713.58
1555729200,1555732799,0.975899,0.975899,0.975003,0.975003,310.17
1555732800,1555736399,0.975005,0.978974,0.975,0.978974,23203.43
1555736400,1555739999,0.978987,0.979,0.97503,0.978997,3210.41
1555740000,1555743599,0.975004,0.975004,0.975,0.975,5000.0
1555743600,1555747199,0.975009,0.975009,0.975,0.975,7041.42
1555747200,1555750799,0.978989,0.980268,0.978989,0.98,14030.48
1555754400,1555757999,0.980963,0.981078,0.980963,0.981078,5892.2
1555768800,1555772399,0.9781,0.9781,0.978,0.978,5003.86
1555776000,1555779599,0.9799,0.9799,0.9799,0.9799,5.0
1555779600,1555783199,0.975523,0.979001,0.973002,0.973036,7636.91
1555783200,1555786799,0.973006,0.979344,0.973004,0.973005,1303.29
1555786800,1555790399,0.979089,0.979089,0.972502,0.97742,1452.4
1555794000,1555797599,0.972502,0.974999,0.972502,0.974999,28372.65
1555797600,1555801199,0.974997,0.974997,0.974997,0.974997,102.41
1555801200,1555804799,0.974,0.978835,0.972505,0.978835,3407.86
1555815600,1555819199,0.975003,0.975003,0.975002,0.975002,3176.72
1555819200,1555822799,0.975001,0.9752,0.968124,0.968192,14232.95
1555822800,1555826399,0.968107,0.976,0.968003,0.97,6905.37
1555826400,1555829999,0.9759,0.976535,0.9759,0.97591,159.63
1555830000,1555833599,0.975002,0.976053,0.975,0.976053,10002.02
1555833600,1555837199,0.976326,0.9799,0.974,0.974,71157.24
1555837200,1555840799,0.973241,0.975841,0.96827,0.975841,30402.7
1555840800,1555844399,0.9758,0.9758,0.9758,0.9758,100.0
1555844400,1555847999,0.97595,0.976389,0.97595,0.976389,6736.0
1555848000,1555851599,0.9759,0.976033,0.97274,0.976029,1755.47
1555858800,1555862399,0.97667,0.97667,0.97667,0.97667,40.93
1555862400,1555865999,0.976181,0.97677,0.976181,0.97677,50.0
1555873200,1555876799,0.975,0.975,0.974063,0.974063,24727.56
1555876800,1555880399,0.974063,0.974072,0.97201,0.97201,1704.58
1555884000,1555887599,0.972041,0.972041,0.963131,0.963131,25000.0
1555887600,1555891199,0.972499,0.9725,0.967991,0.968199,905.99
1555891200,1555894799,0.973205,0.973208,0.973205,0.973208,289.0
1555902000,1555905599,0.968905,0.9725,0.9625,0.9725,15325.0
1555905600,1555909199,0.9737,0.973704,0.9737,0.973704,576.0
1555909200,1555912799,0.975999,0.978968,0.975999,0.9785,5413.74
1555916400,1555919999,0.975312,0.975312,0.975311,0.975311,289.0
1555920000,1555923599,0.973005,0.977,0.973,0.977,4638.0
1555923600,1555927199,0.975,0.975,0.974,0.974,510.0
1555927200,1555930799,0.977508,0.977599,0.977507,0.977599,2189.0
1555930800,1555934399,0.977595,0.977599,0.977595,0.977599,357.31
1555934400,1555937999,0.977599,0.9776,0.977599,0.9776,524.61
1555938000,1555941599,0.977599,0.9776,0.977599,0.9776,2531.82
1555941600,1555945199,0.977599,0.9789,0.977599,0.978,14862.2
1555945200,1555948799,0.978899,0.978899,0.978899,0.978899,20.0
1555956000,1555959599,0.975002,0.97695,0.975,0.97695,8746.0
1555959600,1555963199,0.97889,0.97889,0.97889,0.97889,500.0
1555963200,1555966799,0.975001,0.978194,0.97353,0.978194,8357.83
1555966800,1555970399,0.976999,0.978,0.976999,0.978,1039.95
1555974000,1555977599,0.978,0.978,0.978,0.978,20.0
1555977600,1555981199,0.972603,0.972603,0.972602,0.972602,150.0
1555984800,1555988399,0.973135,0.973135,0.973135,0.973135,3000.0
1555988400,1555991999,0.972915,0.972915,0.9725,0.9725,5327.19
1555992000,1555995599,0.973,0.975,0.973,0.975,870.0
1555995600,1555999199,0.973236,0.973238,0.973235,0.973237,1200.0
1556002800,1556006399,0.973708,0.973708,0.973,0.973,3923.47
1556010000,1556013599,0.9739,0.974,0.971,0.971,3260.82
1556013600,1556017199,0.975733,0.976477,0.964002,0.964002,24535.8
1556017200,1556020799,0.972499,0.9725,0.972499,0.9725,38.0
1556020800,1556024399,0.96902,0.96902,0.96902,0.96902,91.98
1556024400,1556027999,0.97,0.97,0.97,0.97,51.52
1556031600,1556035199,0.973396,0.973396,0.973396,0.973396,500.0
1556035200,1556038799,0.969028,0.969028,0.969028,0.969028,23.46
1556038800,1556042399,0.973311,0.973512,0.969018,0.969018,1552.4
1556046000,1556049599,0.970007,0.970007,0.97,0.97,8391.33
1556049600,1556053199,0.970003,0.973245,0.97,0.973245,8296.68
1556053200,1556056799,0.973244,0.973244,0.973244,0.973244,20.0
1556056800,1556060399,0.973245,0.973997,0.970002,0.973277,8318.94
1556060400,1556063999,0.973326,0.973326,0.973326,0.973326,50.0
1556064000,1556067599,0.9723,0.9725,0.97001,0.97001,700.0
1556067600,1556071199,0.970003,0.973373,0.970001,0.973373,16586.29
1556074800,1556078399,0.973,0.973,0.973,0.973,696.07
1556082000,1556085599,0.973386,0.973386,0.973386,0.973386,205.2
1556085600,1556089199,0.973367,0.973368,0.973367,0.973368,2050.32
1556089200,1556092799,0.97001,0.974595,0.969009,0.973689,32818.75
1556092800,1556096399,0.973118,0.973121,0.969039,0.969039,901.05
1556100000,1556103599,0.969071,0.97,0.969071,0.97,697.08
1556103600,1556107199,0.969072,0.973121,0.969072,0.970003,7143.5
1556107200,1556110799,0.973122,0.973122,0.970002,0.970002,7951.1
1556110800,1556114399,0.972,0.972,0.9692,0.9692,5371.76
1556114400,1556117999,0.97,0.97,0.97,0.97,1.0
1556118000,1556121599,0.969063,0.969506,0.969009,0.969506,1403.26
1556121600,1556125199,0.969511,0.969511,0.969001,0.969001,18796.42
1556125200,1556128799,0.969007,0.970001,0.969001,0.969001,13900.0
1556128800,1556132399,0.969013,0.972935,0.969,0.97,18898.09
1556139600,1556143199,0.972,0.975001,0.972,0.975001,4600.0
1556143200,1556146799,0.973437,0.973437,0.969001,0.971405,50687.75
1556146800,1556150399,0.97091,0.973154,0.97091,0.97216,39549.37
1556150400,1556153999,0.97173,0.97173,0.97173,0.97173,10500.0
1556154000,1556157599,0.972,0.972,0.97173,0.97173,19500.0
1556157600,1556161199,0.97173,0.97173,0.97173,0.97173,14185.17
1556161200,1556164799,0.97,0.9725,0.97,0.97,18525.71
1556168400,1556171999,0.9725,0.9725,0.97,0.97,12167.52
1556172000,1556175599,0.971,0.971,0.970001,0.970001,9000.0
1556175600,1556179199,0.972,0.972,0.972,0.972,124.0
1556179200,1556182799,0.9725,0.9725,0.9725,0.9725,823.23
1556193600,1556197199,0.971,0.971,0.971,0.971,5140.0
1556200800,1556204399,0.971003,0.971003,0.971,0.971,4500.0
1556204400,1556207999,0.972987,0.977083,0.971,0.971,72441.0
1556208000,1556211599,0.973158,0.975,0.973087,0.973876,26786.0
1556211600,1556215199,0.973,0.973,0.971,0.971,5505.34
1556215200,1556218799,0.9705,0.9717,0.969,0.969,14175.56
1556222400,1556225999,0.973366,0.973366,0.973366,0.973366,47.09
1556226000,1556229599,0.971001,0.971001,0.971001,0.971001,10196.9
1556229600,1556233199,0.971001,0.972489,0.971,0.972489,28156.07
1556233200,1556236799,0.972289,0.973429,0.972289,0.973429,24945.6
1556236800,1556240399,0.972637,0.975469,0.972637,0.975468,43626.31
1556240400,1556243999,0.975469,0.97753,0.975468,0.975468,20215.22
1556244000,1556247599,0.975468,0.976823,0.975229,0.975229,55581.7
1556247600,1556251199,0.975229,0.978,0.975229,0.978,45232.41
1556251200,1556254799,0.978261,0.9783,0.978,0.9783,16345.41
1556254800,1556258399,0.977999,0.977999,0.977999,0.977999,968.0
1556258400,1556261999,0.977999,0.977999,0.977999,0.977999,10203.17
1556262000,1556265599,0.977,0.977,0.976,0.976,16924.57
1556269200,1556272799,0.976001,0.976001,0.976001,0.976001,1506.82
1556272800,1556276399,0.976001,0.976001,0.97501,0.97501,33496.46
1556276400,1556279999,0.975091,0.979,0.975091,0.976,31767.24
1556280000,1556283599,0.97605,0.98,0.976,0.98,99607.28
1556283600,1556287199,0.98009,0.98065,0.9771,0.9771,8580.86
1556287200,1556290799,0.977194,0.98,0.9771,0.978,20471.61
1556290800,1556294399,0.978404,0.982,0.978404,0.982,19182.0
1556294400,1556297999,0.982494,0.986,0.979,0.985,78392.78
1556298000,1556301599,0.985997,0.987,0.978,0.978,49699.76
1556301600,1556305199,0.977677,0.982656,0.977677,0.979142,101144.99
1556305200,1556308799,0.979002,0.981708,0.979,0.979366,25500.0
1556308800,1556312399,0.979001,0.9791,0.979,0.9791,43000.0
1556312400,1556315999,0.983,0.983412,0.983,0.983412,809.54
1556316000,1556319599,0.982412,0.982412,0.979001,0.979001,13258.38
1556319600,1556323199,0.979184,0.979184,0.97905,0.97905,68.47
1556323200,1556326799,0.979184,0.981135,0.979002,0.979349,15255.82
1556326800,1556330399,0.979099,0.979252,0.979099,0.979252,3164.89
1556330400,1556333999,0.979121,0.979121,0.979003,0.979003,7716.88
1556334000,1556337599,0.979004,0.979252,0.979004,0.979252,1919.44
1556337600,1556341199,0.979015,0.98,0.979015,0.98,5662.9
1556341200,1556344799,0.980359,0.980691,0.980015,0.98019,12192.65
1556344800,1556348399,0.98,0.9842,0.98,0.9842,38714.54
1556352000,1556355599,0.982001,0.982001,0.982001,0.982001,104.11
1556362800,1556366399,0.983003,0.983003,0.983003,0.983003,564.0
1556366400,1556369999,0.983003,0.983003,0.983003,0.983003,846.0
1556377200,1556380799,0.983007,0.983007,0.982,0.982,7094.43
1556380800,1556384399,0.982003,0.982003,0.982003,0.982003,25.33
1556384400,1556387999,0.982074,0.982074,0.98101,0.98101,7365.46
1556388000,1556391599,0.981013,0.981013,0.98101,0.98101,352.39
1556391600,1556395199,0.981011,0.981047,0.981,0.981047,5051.75
1556395200,1556398799,0.981,0.981,0.979009,0.979009,13502.0
1556398800,1556402399,0.97901,0.97901,0.979,0.979,16321.95
1556402400,1556405999,0.97901,0.97909,0.97901,0.979054,2855.09
1556406000,1556409599,0.979,0.979,0.979,0.979,10500.0
1556409600,1556413199,0.979,0.979,0.9781,0.9781,12030.96
1556413200,1556416799,0.978459,0.978459,0.978459,0.978459,500.0
1556416800,1556420399,0.97845,0.97845,0.978003,0.978003,18394.66
1556420400,1556423999,0.978003,0.978003,0.978003,0.978003,2931.86
1556424000,1556427599,0.9777,0.9777,0.977501,0.977501,13786.46
1556427600,1556431199,0.977501,0.977501,0.976,0.976,33732.86
1556431200,1556434799,0.976,0.976,0.976,0.976,3000.0
1556434800,1556438399,0.977806,0.979424,0.977746,0.979,14250.0
1556442000,1556445599,0.979001,0.979583,0.978,0.978,9070.0
1556445600,1556449199,0.978074,0.982733,0.976001,0.976001,20706.09
1556449200,1556452799,0.976001,0.979,0.976,0.979,24901.37
1556452800,1556456399,0.980287,0.9851,0.976,0.976,120939.59
1556456400,1556459999,0.975113,0.985413,0.974,0.974,72934.01
1556460000,1556463599,0.977871,0.98,0.973,0.973,28161.4
1556467200,1556470799,0.9787,0.9787,0.977,0.977,10105.26
1556470800,1556474399,0.977991,0.9786,0.977,0.977,25274.02
1556474400,1556477999,0.978597,0.979,0.978597,0.979,2630.78
1556478000,1556481599,0.978992,0.979,0.977001,0.979,10812.09
1556481600,1556485199,0.978891,0.986,0.9762,0.979594,131815.73
1556488800,1556492399,0.977,0.977,0.976001,0.976001,6258.98
1556492400,1556495999,0.979538,0.979593,0.979537,0.979537,656.28
1556499600,1556503199,0.979873,0.979873,0.979873,0.979873,500.0
1556503200,1556506799,0.979798,0.979824,0.979798,0.979822,6136.52
1556510400,1556513999,0.979825,0.979825,0.979825,0.979825,6078.39
1556521200,1556524799,0.979825,0.979825,0.979797,0.9798,1655.81
1556524800,1556528399,0.9798,0.980798,0.9798,0.980317,11963.07
1556528400,1556531999,0.979,0.980898,0.979,0.980898,1792.22
1556532000,1556535599,0.98,0.98,0.98,0.98,10641.65
1556535600,1556539199,0.980519,0.980519,0.980519,0.980519,15.22
1556539200,1556542799,0.980501,0.980527,0.979998,0.980527,1330.33
1556542800,1556546399,0.9806,0.9806,0.9806,0.9806,4175.92
1556546400,1556549999,0.978028,0.978028,0.978028,0.978028,109.91
1556550000,1556553599,0.98,0.981816,0.98,0.981816,81.28
1556553600,1556557199,0.981908,0.981916,0.981908,0.981916,4500.0
1556560800,1556564399,0.9813,0.981916,0.981,0.981899,58746.46
1556564400,1556567999,0.981899,0.983,0.981899,0.982099,5111.0
1556568000,1556571599,0.982099,0.982099,0.982099,0.982099,8.24
1556571600,1556575199,0.980054,0.980148,0.98005,0.98005,4702.56
1556575200,1556578799,0.980148,0.986,0.98005,0.982281,30324.06
1556578800,1556582399,0.982281,0.982433,0.982281,0.982433,1000.0
1556582400,1556585999,0.982133,0.983211,0.980018,0.9823,57558.78
1556586000,1556589599,0.982418,0.982418,0.982418,0.982418,41.24
1556589600,1556593199,0.982062,0.982062,0.982062,0.982062,20.56
1556593200,1556596799,0.980034,0.980119,0.978601,0.978601,100000.0
1556600400,1556603999,0.9817,0.9817,0.9817,0.9817,1500.0
1556604000,1556607599,0.981991,0.982,0.981898,0.982,1522.64
1556607600,1556611199,0.9818,0.981988,0.9818,0.981976,581.35
1556611200,1556614799,0.981964,0.982,0.978238,0.978238,16107.89
1556614800,1556618399,0.978264,0.978356,0.978001,0.978001,5735.0
1556625600,1556629199,0.979197,0.979294,0.979197,0.979197,3500.0
1556629200,1556632799,0.979,0.979097,0.979,0.979001,9600.0
1556632800,1556636399,0.979098,0.979103,0.979,0.979103,9237.82
1556636400,1556639999,0.979103,0.979103,0.979,0.979,27203.0
1556640000,1556643599,0.979001,0.979194,0.979,0.979001,19003.0
1556643600,1556647199,0.979194,0.979765,0.979194,0.979703,3284.0
1556647200,1556650799,0.979699,0.979699,0.97968,0.97968,2000.0
1556650800,1556654399,0.979897,0.980243,0.979897,0.980243,8654.06
1556654400,1556657999,0.980261,0.980261,0.98012,0.980192,14500.0
1556658000,1556661599,0.980199,0.98074,0.980199,0.98074,13000.0
1556661600,1556665199,0.980752,0.982468,0.98074,0.981339,106500.0
1556665200,1556668799,0.981345,0.982032,0.981334,0.981743,8500.0
1556668800,1556672399,0.981329,0.986,0.981329,0.981341,25828.61
1556672400,1556675999,0.981703,0.987001,0.98,0.98,121954.86
1556676000,1556679599,0.980098,0.980098,0.98,0.98,2000.0
1556679600,1556683199,0.980504,0.980661,0.980501,0.98065,2301.0
1556686800,1556690399,0.980509,0.980509,0.980485,0.980485,1000.0
1556690400,1556693999,0.980486,0.980851,0.980472,0.980472,2536.97
1556694000,1556697599,0.980471,0.980471,0.980463,0.980463,2500.0
1556701200,1556704799,0.9823,0.982398,0.98,0.98,55527.78
1556704800,1556708399,0.98,0.980098,0.98,0.98,8000.0
1556708400,1556711999,0.980154,0.980154,0.980154,0.980154,500.0
1556712000,1556715599,0.980199,0.981099,0.980001,0.980001,18565.62
1556715600,1556719199,0.980797,0.98899,0.979,0.98,71012.06
1556726400,1556729999,0.979494,0.979494,0.979397,0.979397,11273.38
1556730000,1556733599,0.980198,0.980198,0.98,0.98,21462.71
1556733600,1556737199,0.980118,0.981,0.98,0.98,19000.0
1556737200,1556740799,0.98,0.980122,0.98,0.98,23020.0
1556740800,1556744399,0.980098,0.981152,0.98,0.980123,18500.0
1556744400,1556747999,0.98,0.980675,0.98,0.9802,19941.23
1556748000,1556751599,0.980133,0.980406,0.980113,0.980406,12603.0
1556751600,1556755199,0.980201,0.980592,0.980201,0.980592,4500.0
1556755200,1556758799,0.9805,0.9805,0.980382,0.980382,5984.69
1556758800,1556762399,0.980387,0.980573,0.980382,0.980573,5000.0
1556762400,1556765999,0.980558,0.980559,0.980384,0.980546,3222.85
1556766000,1556769599,0.980546,0.980553,0.980546,0.980553,889.35
1556769600,1556773199,0.98055,0.981155,0.980549,0.980835,3014.5
1556773200,1556776799,0.980837,0.980837,0.980837,0.980837,500.0
1556776800,1556780399,0.980562,0.98255,0.980562,0.980705,130278.0
1556780400,1556783999,0.980705,0.98255,0.980382,0.980542,34009.97
1556784000,1556787599,0.980391,0.980538,0.980383,0.980517,7814.45
1556787600,1556791199,0.980515,0.980733,0.980382,0.980382,1690.93
1556791200,1556794799,0.980509,0.982533,0.980509,0.982,1698.63
1556794800,1556798399,0.981,0.981,0.980382,0.980382,12857.67
1556798400,1556801999,0.981098,0.981098,0.981,0.981,10716.0
1556802000,1556805599,0.980382,0.981098,0.980382,0.981,12516.87
1556805600,1556809199,0.981,0.981,0.981,0.981,7000.0
1556809200,1556812799,0.981099,0.981099,0.981,0.981,8723.72
1556812800,1556816399,0.981098,0.981098,0.981098,0.981098,200.0
1556816400,1556819999,0.982507,0.983,0.9821,0.9821,19351.31
1556820000,1556823599,0.981,0.981089,0.980199,0.981089,36538.96
1556823600,1556827199,0.981001,0.981197,0.981001,0.981001,21502.4
1556827200,1556830799,0.981099,0.981099,0.981001,0.981001,11638.09
1556830800,1556834399,0.980437,0.980828,0.98023,0.980401,13553.43
1556834400,1556837999,0.980655,0.980744,0.980655,0.980744,1000.0
1556838000,1556841599,0.980772,0.98241,0.980698,0.980698,3036.0
1556841600,1556845199,0.980698,0.980698,0.9806,0.9806,3500.0
1556845200,1556848799,0.980316,0.980363,0.980316,0.980363,2000.0
1556848800,1556852399,0.980385,0.980471,0.980201,0.980397,24451.53
1556852400,1556855999,0.980437,0.980953,0.980437,0.980605,4001.0
1556856000,1556859599,0.980444,0.980444,0.980444,0.980444,500.0
1556859600,1556863199,0.98041,0.980777,0.980201,0.980777,13199.39
1556863200,1556866799,0.9808,0.98265,0.9803,0.9805,28166.68
1556866800,1556870399,0.981367,0.981761,0.981367,0.981444,11500.0
1556870400,1556873999,0.981444,0.981455,0.981,0.981,7258.92
1556874000,1556877599,0.982243,0.985838,0.98,0.980002,26445.64
1556877600,1556881199,0.982669,0.983257,0.982663,0.982668,3753.2
1556881200,1556884799,0.982668,0.983476,0.9815,0.9815,2601.0
1556884800,1556888399,0.981597,0.981598,0.9815,0.9815,1721.74
1556888400,1556891999,0.981098,0.982499,0.981098,0.982499,420.73
1556892000,1556895599,0.981,0.983001,0.981,0.983,10893.6
1556895600,1556899199,0.983,0.983059,0.981,0.9825,47806.59
1556899200,1556902799,0.983,0.983,0.98,0.98,67590.85
1556902800,1556906399,0.980098,0.980098,0.977001,0.977001,196550.24
1556906400,1556909999,0.979944,0.981,0.977,0.981,61452.09
1556910000,1556913599,0.982447,0.98245,0.979001,0.979001,116963.69
1556913600,1556917199,0.980099,0.98245,0.980001,0.982449,3310.43
1556917200,1556920799,0.982449,0.982449,0.98,0.980196,63716.74
1556920800,1556924399,0.980098,0.981349,0.980098,0.981225,73275.98
1556924400,1556927999,0.981323,0.981323,0.981225,0.981225,8287.49
1556928000,1556931599,0.982222,0.98245,0.982222,0.98245,6678.2
1556931600,1556935199,0.98245,0.98245,0.982223,0.98245,6038.3
1556938800,1556942399,0.98245,0.98245,0.98245,0.98245,1682.91
1556942400,1556945999,0.982449,0.982449,0.982449,0.982449,1500
1556946000,1556949599,0.982449,0.982449,0.982449,0.982449,1500
1556949600,1556953199,0.98245,0.983,0.98245,0.983,46943.37
1556960400,1556963999,0.983,0.983,0.983,0.983,3000
1556967600,1556971199,0.983,0.983,0.982449,0.982803,18812.66
1556974800,1556978399,0.983202,0.983202,0.982803,0.983002,14690.04
1556978400,1556981999,0.982807,0.983,0.982807,0.983,748.43
1556982000,1556985599,0.984317,0.9846,0.984317,0.9846,6235.17
1556985600,1556989199,0.984611,0.9849,0.984611,0.984794,18973.61
1556989200,1556992799,0.984684,0.984959,0.984503,0.984959,19604.1
1556992800,1556996399,0.9834,0.9834,0.9834,0.9834,1020
1556996400,1556999999,0.9843,0.984678,0.984202,0.984678,5872.16
1557000000,1557003599,0.98468,0.985136,0.98468,0.985136,9304.92
1557003600,1557007199,0.984904,0.985002,0.984904,0.985002,1846.76
1557007200,1557010799,0.985008,0.985023,0.984635,0.985023,8969.03
1557010800,1557014399,0.985,0.985034,0.985,0.985034,1367.98
1557018000,1557021599,0.985042,0.987385,0.985005,0.987319,30360.23
1557025200,1557028799,0.985421,0.985814,0.985421,0.985814,1470.01
1557036000,1557039599,0.985536,0.985536,0.985536,0.985536,33.92
1557039600,1557043199,0.985536,0.985906,0.985536,0.985906,1436.08
1557043200,1557046799,0.986,0.986,0.982801,0.982801,16500.44
1557061200,1557064799,0.986714,0.986819,0.983,0.983,6424
1557064800,1557068399,0.983001,0.983001,0.983,0.983001,6507.48
1557072000,1557075599,0.985258,0.985258,0.985258,0.985258,101
1557086400,1557089999,0.985258,0.986678,0.985258,0.986678,1357.89
1557090000,1557093599,0.986679,0.987279,0.986679,0.987279,1366.27
1557111600,1557115199,0.987007,0.987007,0.987007,0.987007,500
1557115200,1557118799,0.986903,0.986903,0.984,0.986664,6522.37
1557122400,1557125999,0.986,0.986,0.984,0.984,3501
1557126000,1557129599,0.984315,0.984315,0.984315,0.984315,500
1557129600,1557133199,0.98434,0.98434,0.984324,0.984324,2784
1557144000,1557147599,0.98434,0.987953,0.98434,0.987842,10970
1557147600,1557151199,0.987504,0.9909,0.987504,0.987967,131214.97
1557151200,1557154799,0.987967,0.987967,0.987967,0.987967,7
1557154800,1557158399,0.987967,0.991,0.987967,0.991,100000
1557158400,1557161999,0.987966,0.987966,0.986001,0.986001,5182.2
1557162000,1557165599,0.987654,0.989066,0.986,0.986,31596.75
1557165600,1557169199,0.987999,0.987999,0.987999,0.987999,1128.74
1557172800,1557176399,0.987998,0.988,0.986,0.988,11251.47
1557183600,1557187199,0.988,0.988,0.988,0.988,8000
1557187200,1557190799,0.988,0.99,0.988,0.99,35926.35
1557190800,1557194399,0.99,0.99,0.99,0.99,1500
1557194400,1557197999,0.99,0.99,0.989999,0.99,4554.32
1557198000,1557201599,0.99,0.99,0.99,0.99,3298
1557201600,1557205199,0.989999,0.99,0.989999,0.989999,3799.87
1557205200,1557208799,0.99,0.99,0.989999,0.99,29000
1557208800,1557212399,0.989999,0.99,0.989999,0.99,1128
1557212400,1557215999,0.989999,0.989999,0.987599,0.987599,180.1
1557216000,1557219599,0.9876,0.987698,0.9876,0.9876,5084.21
1557234000,1557237599,0.987809,0.989944,0.987809,0.987809,52.31
1557237600,1557241199,0.987809,0.98997,0.987809,0.98997,1868.65
1557241200,1557244799,0.989969,0.98997,0.989901,0.98997,8000
1557244800,1557248399,0.98997,0.990008,0.988107,0.990008,15501.36
1557248400,1557251999,0.9895,0.990999,0.989,0.989,19994.03
1557252000,1557255599,0.989098,0.990995,0.989,0.989,60909.32
1557255600,1557259199,0.989097,0.9891,0.986099,0.986099,63665.27
1557259200,1557262799,0.986001,0.986001,0.986,0.986,1500
1557262800,1557266399,0.989093,0.989094,0.986336,0.986336,1102.59
1557270000,1557273599,0.986098,0.986187,0.9841,0.986089,3546.32
1557277200,1557280799,0.984198,0.984198,0.984,0.984,36910.62
1557280800,1557284399,0.984098,0.984098,0.982001,0.982001,7567.52
1557288000,1557291599,0.982001,0.982001,0.980001,0.980001,9597.61
1557295200,1557298799,0.980005,0.980005,0.980005,0.980005,90
1557298800,1557302399,0.98035,0.980359,0.98035,0.980359,2262
1557306000,1557309599,0.983919,0.98397,0.983919,0.98397,2264.47
1557316800,1557320399,0.980386,0.980386,0.980004,0.980107,5095.69
1557320400,1557323999,0.98424,0.9843,0.98424,0.9843,2571.22
1557324000,1557327599,0.9845,0.985513,0.9845,0.985513,7021
1557327600,1557331199,0.985768,0.986119,0.985768,0.986004,555.86
1557331200,1557334799,0.98658,0.991,0.98658,0.987098,26663.66
1557334800,1557338399,0.987298,0.991,0.987298,0.991,25664.13
1557338400,1557341999,0.987103,0.98735,0.987103,0.98735,7000
1557342000,1557345599,0.9852,0.9852,0.984784,0.984784,20000
1557345600,1557349199,0.988788,0.988788,0.988788,0.988788,101.36
1557349200,1557352799,0.988985,0.989189,0.988984,0.988992,4225.35
1557360000,1557363599,0.988989,0.990582,0.988989,0.990582,15115.41
1557363600,1557367199,0.987796,0.990582,0.987796,0.990582,1954.89
1557367200,1557370799,0.99,0.990579,0.99,0.990579,150
1557374400,1557377999,0.986132,0.986132,0.985899,0.985899,1000
1557381600,1557385199,0.989994,0.990582,0.989994,0.990582,8870.94
1557385200,1557388799,0.990579,0.990582,0.990576,0.990582,15969.09
1557388800,1557392399,0.990579,0.990582,0.990579,0.990582,21138.73
1557392400,1557395999,0.990579,0.990582,0.990579,0.990582,5977.88
1557396000,1557399599,0.99045,0.990484,0.99045,0.990484,358.04
1557399600,1557403199,0.99045,0.99049,0.99045,0.99049,22007
1557403200,1557406799,0.99045,0.99045,0.987001,0.987001,395.52
1557406800,1557410399,0.99046,0.99046,0.985447,0.986199,195
1557410400,1557413999,0.990474,0.990474,0.990474,0.990474,2.88
1557414000,1557417599,0.988,0.988001,0.988,0.988001,16850.98
1557417600,1557421199,0.988001,0.988001,0.988,0.988001,42176.97
1557421200,1557424799,0.9881,0.989,0.9881,0.989,1592.9
1557424800,1557428399,0.989,0.989,0.988997,0.989,98534.63
1557428400,1557431999,0.9895,0.9895,0.9895,0.9895,110.89
1557435600,1557439199,0.9895,0.9895,0.9895,0.9895,392.11
1557439200,1557442799,0.989596,0.989596,0.989596,0.989596,75
1557442800,1557446399,0.989596,0.989596,0.988508,0.988508,2000
1557446400,1557449999,0.9896,0.99,0.9896,0.989999,612.19
1557450000,1557453599,0.987997,0.988,0.987997,0.988,1084
1557457200,1557460799,0.988298,0.988298,0.988298,0.988298,10
1557460800,1557464399,0.99,0.99048,0.99,0.99048,7969.8
1557464400,1557467999,0.987056,0.987056,0.986001,0.986001,6000
1557468000,1557471599,0.986331,0.986331,0.986,0.986,5000
1557471600,1557475199,0.990474,0.99048,0.990474,0.990476,756.51
1557478800,1557482399,0.987,0.987,0.987,0.987,2500
1557486000,1557489599,0.987,0.990582,0.987,0.99,26730.81
1557493200,1557496799,0.98535,0.985655,0.98535,0.985655,1104
1557496800,1557500399,0.988987,0.989,0.98652,0.989,115550.14
1557504000,1557507599,0.990483,0.99049,0.990483,0.99049,2476.04
1557507600,1557511199,0.99049,0.9927,0.986526,0.986526,117873.82
1557511200,1557514799,0.986825,0.987038,0.986825,0.987038,950
1557522000,1557525599,0.9901,0.9901,0.988098,0.988098,750
1557525600,1557529199,0.992467,0.994699,0.99,0.994699,7863.47
1557529200,1557532799,0.992992,0.9935,0.992992,0.9935,4021.98
1557532800,1557536399,0.989997,0.989997,0.986001,0.986001,4573.23
1557536400,1557539999,0.989997,0.989997,0.989997,0.989997,5.16
1557540000,1557543599,0.99,0.9947,0.987,0.987,19836.43
1557543600,1557547199,0.992479,0.9949,0.987234,0.9949,12855.4
1557547200,1557550799,0.99116,0.992997,0.990762,0.991266,8712.76
1557550800,1557554399,0.993355,0.9949,0.993355,0.9949,2257.97
1557554400,1557557999,0.991813,0.9949,0.99181,0.992986,52352.14
1557558000,1557561599,0.994718,0.99755,0.994718,0.99755,148672
1557561600,1557565199,0.997459,0.998166,0.9974,0.998127,23368.37
1557565200,1557568799,0.9985,0.9985,0.99835,0.99835,1238.17
1557568800,1557572399,0.998302,0.999,0.995316,0.999,31820.85
1557572400,1557575999,0.999,0.99905,0.998885,0.99905,35889.99
1557576000,1557579599,0.99905,0.99955,0.997305,0.99955,13613.3
1557579600,1557583199,0.999541,0.99955,0.999541,0.99955,12622.29
1557583200,1557586799,0.99955,0.99955,0.9995,0.99955,16838.2
1557586800,1557590399,0.99955,0.99955,0.999426,0.99955,22889.33
1557590400,1557593999,0.99955,0.999999,0.993148,0.993148,30002.44
1557594000,1557597599,0.993149,0.993149,0.985241,0.985241,17358.12
1557597600,1557601199,0.9851,0.99733,0.984199,0.99,40851.39
1557601200,1557604799,0.994,0.994,0.99,0.99,600
1557604800,1557608399,0.987503,0.99,0.987062,0.988192,5540.06
1557608400,1557611999,0.986266,0.986266,0.986017,0.986017,4606.86
1557612000,1557615599,0.986097,0.995234,0.985327,0.99,40576.3
1557615600,1557619199,0.99,0.990003,0.985194,0.99,20218.02
1557619200,1557622799,0.9924,0.9924,0.98,0.99,113938.01
1557622800,1557626399,0.992497,0.99825,0.989377,0.9895,17980.31
1557626400,1557629999,0.9895,0.9895,0.987492,0.98826,12698.19
1557630000,1557633599,0.988608,0.988608,0.988301,0.988301,600
1557633600,1557637199,0.988631,0.988631,0.988233,0.988233,1000
1557637200,1557640799,0.988288,0.988288,0.988288,0.988288,308
1557644400,1557647999,0.988289,0.989126,0.986048,0.986048,10517.53
1557651600,1557655199,0.986002,0.989126,0.984916,0.989126,32176
1557658800,1557662399,0.989123,0.995108,0.989123,0.995108,15025.41
1557662400,1557665999,0.995462,0.995594,0.995462,0.995594,1000
1557666000,1557669599,0.99541,0.99541,0.99541,0.99541,250
1557669600,1557673199,0.99,0.99,0.99,0.99,1
1557673200,1557676799,0.99541,0.99541,0.99541,0.99541,29.42
1557676800,1557680399,0.995,0.995,0.995,0.995,1600
1557684000,1557687599,0.987653,0.987653,0.985001,0.985895,18578
1557687600,1557691199,0.985501,0.989,0.9847,0.988999,14215
1557691200,1557694799,0.988999,0.988999,0.988999,0.988999,50.43
1557694800,1557698399,0.988,0.988999,0.984988,0.984988,7178.7
1557698400,1557701999,0.985999,0.986,0.98439,0.984533,11802.55
1557702000,1557705599,0.984719,0.984719,0.982702,0.983713,32030.45
1557705600,1557709199,0.984013,0.984037,0.983889,0.984037,4630.36
1557712800,1557716399,0.984037,0.984037,0.984037,0.984037,5868.64
1557716400,1557719999,0.985999,0.986,0.985999,0.986,5060
1557723600,1557727199,0.9855,0.9855,0.983765,0.983899,7104.39
1557727200,1557730799,0.983899,0.983899,0.979,0.980438,26460.12
1557730800,1557734399,0.980438,0.980438,0.978008,0.980438,9442.79
1557734400,1557737999,0.980438,0.980438,0.980438,0.980438,1848.98
1557741600,1557745199,0.98,0.985073,0.978148,0.985073,759.79
1557745200,1557748799,0.983,0.983,0.978144,0.983,4181.02
1557752400,1557755999,0.980394,0.9835,0.98,0.9835,18030.27
1557756000,1557759599,0.98349,0.988,0.980023,0.988,17443.24
1557759600,1557763199,0.988,0.999338,0.987997,0.995,43297.97
1557763200,1557766799,0.995,0.995,0.993801,0.995,63484.04
1557766800,1557770399,0.9948,0.996,0.9948,0.995994,16180.97
1557770400,1557773999,0.995995,0.997,0.995775,0.997,5165.82
1557774000,1557777599,0.99693,0.9989,0.993645,0.9989,29590.4
1557777600,1557781199,0.997997,0.998,0.997896,0.997899,3000
1557781200,1557784799,0.997899,0.998,0.997707,0.997707,36132.94
1557784800,1557788399,0.998,0.998,0.996786,0.998,62057.18
1557788400,1557791999,0.998,0.998,0.996331,0.996331,22515.47
1557795600,1557799199,0.998,0.998,0.998,0.998,1500
1557802800,1557806399,0.997,0.998,0.9969,0.998,48420.42
1557806400,1557809999,0.998,1,0.998,0.99997,129368.76
1557810000,1557813599,1,1,0.9999,1,79600.27
1557813600,1557817199,1,1,0.999999,1,87400
1557817200,1557820799,0.999786,1,0.999786,1,1900
1557820800,1557824399,0.999816,1,0.99972,1,2465.2
1557824400,1557827999,0.999779,0.999779,0.999567,0.999567,1500
1557828000,1557831599,0.999565,0.999565,0.999565,0.999565,468
1557835200,1557838799,0.999,0.999,0.999,0.999,11.52
1557838800,1557842399,0.997,0.997,0.997,0.997,3419
1557842400,1557845999,0.998,0.999,0.998,0.999,8050
1557846000,1557849599,0.9989,0.999,0.9989,0.9989,8547.8
1557849600,1557853199,0.998,0.998,0.998,0.998,1500
1557853200,1557856799,0.998,0.9989,0.998,0.9989,9683.16
1557856800,1557860399,0.998,0.999,0.997003,0.997003,15093.53
1557860400,1557863999,0.998,0.998,0.998,0.998,286
1557867600,1557871199,0.997003,0.999,0.996,0.998,14284.13
1557871200,1557874799,0.998,0.999,0.996277,0.999,42020
1557874800,1557878399,0.999,1,0.994708,0.999999,64569.63
1557878400,1557881999,0.999998,1,0.997524,1,29317.4
1557882000,1557885599,1,1,0.999989,0.999994,12361.45
1557885600,1557889199,0.9999,1.001,0.9999,1.001,22865.18
1557889200,1557892799,1.001,1.00255,1,1.00255,88193.41
1557892800,1557896399,1.00255,1.00255,1.002497,1.00255,39046
1557900000,1557903599,1.00241,1.00241,0.99963,1.00241,29475.82
1557903600,1557907199,1.00241,1.00241,1.002407,1.002407,15030
1557907200,1557910799,1.002407,1.00255,1.002406,1.00255,25868.59
1557910800,1557914399,1.00255,1.00255,1.00255,1.00255,7250
1557914400,1557917999,1.00255,1.00305,1.000423,1.00305,38827.63
1557921600,1557925199,1.003,1.004,1.003,1.004,14066
1557925200,1557928799,1.004,1.005,1.004,1.005,12967.7
1557928800,1557932399,1.004913,1.006,1.004913,1.006,20317.71
1557932400,1557935999,1.006,1.00989,1.005,1.0064,85317
1557936000,1557939599,1.0064,1.007,1.006,1.007,112716.25
1557939600,1557943199,1.006999,1.009,1.006505,1.0078,80868.36
1557943200,1557946799,1.0078,1.0078,1.00751,1.0077,21521.44
1557946800,1557950399,1.0076,1.0078,1.0076,1.0078,26000
1557950400,1557953999,1.007627,1.0078,1.007221,1.0078,17420.35
1557954000,1557957599,1.0078,1.0079,1.007681,1.007681,5187.88
1557957600,1557961199,1.007704,1.009,1.007704,1.009,24464.63
1557961200,1557964799,1.0099,1.01,1.0099,1.009999,36925.4
1557964800,1557968399,1.01,1.010944,1.001334,1.0026,160051.2
1557968400,1557971999,1.0026,1.003,0.99,1.003,329807.8
1557972000,1557975599,1.003,1.00375,1.000305,1.000305,145561.91
1557975600,1557979199,1.002706,1.00375,1.002706,1.00375,194232.58
1557979200,1557982799,1.00375,1.00385,1.00375,1.00385,73479.08
1557982800,1557986399,1.00385,1.0039,1.003461,1.003461,78480.26
1557986400,1557989999,1.003457,1.0039,1.003457,1.0039,64959
1557990000,1557993599,1.0039,1.005,1.0039,1.005,58418.46
1557993600,1557997199,1.005,1.005,1.005,1.005,7500
1557997200,1558000799,1.005,1.006316,1.00499,1.00499,31317.78
1558000800,1558004399,1.006315,1.0065,1.006315,1.006499,36697.75
1558004400,1558007999,1.006226,1.0065,1.006226,1.0065,40000
1558008000,1558011599,1.0064,1.007,1.0064,1.007,99686.92
1558011600,1558015199,1.007,1.00755,1.007,1.00755,75057.25
1558015200,1558018799,1.00755,1.009999,1.00755,1.009998,148372.42
1558018800,1558022399,1.009998,1.01,1.009981,1.01,124384.39
1558022400,1558025999,1.009965,1.01,1.00948,1.01,146655.29
1558026000,1558029599,1.009932,1.0108,1.008668,1.0108,77884.1
1558029600,1558033199,1.010724,1.010725,1.010724,1.010725,4000
1558033200,1558036799,1.010725,1.010725,1.010724,1.010725,33404.48
1558036800,1558040399,1.010725,1.010725,1.010724,1.010725,5447
1558040400,1558043999,1.010725,1.0108,1.01,1.0108,181809.68
1558047600,1558051199,1.0107,1.0108,1.0107,1.0108,51.92309
1558051200,1558054799,1.01072,1.01076,1.009545,1.009545,20853.48309
1558054800,1558058399,1.010445,1.010561,1.010442,1.010561,846.96214
1558058400,1558061999,1.010535,1.0108,1.010129,1.0108,14514.75297
1558062000,1558065599,1.010789,1.011,1.007113,1.010834,136150.50942
1558065600,1558069199,1.010519,1.011,1.00949,1.011,18824.34788
1558069200,1558072799,1.011,1.011,1.010702,1.010702,299.45453
1558072800,1558076399,1.010702,1.010702,1.006306,1.0095,2340.85734
1558076400,1558079999,1.0079,1.0079,1.0079,1.0079,114.46191
1558080000,1558083599,1.00634,1.006631,1.004816,1.006631,13618.78806
1558083600,1558087199,1.006909,1.006909,1.004711,1.004711,7000.53398
1558087200,1558090799,1.0055,1.006956,1.004471,1.004471,2728.9604
1558090800,1558094399,1.006956,1.0079,1.0025,1.0025,1716.2663
1558094400,1558097999,1.00001,1.0009,1.00001,1.00001,17522.0
1558098000,1558101599,1.00001,1.000011,1.00001,1.000011,12247.56536
1558101600,1558105199,1.000011,1.000011,1.000011,1.000011,7484.16567
1558105200,1558108799,1.00001,1.00001,1.00001,1.00001,5100.0
1558108800,1558112399,1.000011,1.001549,1.000011,1.001549,15840.03226
1558112400,1558115999,1.001549,1.001549,1.001068,1.001549,3241.4725
1558116000,1558119599,1.001287,1.001547,1.001287,1.001547,149.28393
1558119600,1558123199,1.001547,1.011,1.001547,1.010657,65000.0
1558123200,1558126799,1.002503,1.0069,1.002503,1.0069,210.0
1558130400,1558133999,1.0026,1.0026,1.002503,1.0026,722.2402
1558134000,1558137599,1.0026,1.006,1.0026,1.006,1600.66432
1558141200,1558144799,1.004,1.004,1.004,1.004,2208.19607
1558144800,1558148399,1.004,1.004,1.004,1.004,915.65828
1558152000,1558155599,1.007196,1.007199,1.0013,1.001409,4191.95492
1558159200,1558162799,1.004,1.007497,1.004,1.007,764.49921
1558195200,1558198799,1.002096,1.004,1.002096,1.004,1800.0
1558206000,1558209599,1.004,1.004099,1.004,1.004099,203.59012
1558213200,1558216799,1.004099,1.004099,1.004099,1.004099,7500.0
1558224000,1558227599,1.004099,1.0041,1.004098,1.0041,3400.42779
1558227600,1558231199,1.004,1.0041,1.002107,1.002107,4342.62586
1558238400,1558241999,1.002107,1.003,1.002092,1.002092,7227.41385
1558242000,1558245599,1.002089,1.0041,0.999878,1.001257,37408.92052
1558245600,1558249199,1.000484,1.000883,1.000351,1.000351,2940.55288
1558249200,1558252799,1.000351,1.001551,0.999882,1.000125,16345.8913
1558256400,1558259999,1.000838,1.001773,1.0,1.001703,9080.19994
1558260000,1558263599,0.999999,1.001178,0.99987,1.000005,44672.59639
1558263600,1558267199,1.000005,1.006022,0.999874,1.006001,18418.30653
1558267200,1558270799,1.006001,1.006057,1.005781,1.006024,9034.96967
1558270800,1558274399,1.006024,1.006024,1.005822,1.005923,5993.57821
1558274400,1558277999,1.005923,1.005923,1.004284,1.004284,21693.94408
1558278000,1558281599,1.004284,1.004284,0.999801,0.999802,13947.14896
1558281600,1558285199,0.999802,1.0,0.999801,0.999999,5508.9223
1558285200,1558288799,0.999802,0.999804,0.999802,0.999804,751.49676
1558288800,1558292399,0.999804,0.999804,0.999802,0.999802,23199.82197
1558292400,1558295999,1.000031,1.000031,0.999803,0.999803,1797.29337
1558296000,1558299599,0.999914,1.000779,0.999914,1.000779,10763.04463
1558299600,1558303199,1.000799,1.003764,1.0,1.0,26500.0
1558303200,1558306799,1.0,1.001275,1.0,1.000734,9493.87197
1558306800,1558310399,1.000003,1.000003,0.9998,0.999803,47306.915
1558310400,1558313999,0.9998,0.999899,0.999267,0.999267,53003.82948
1558314000,1558317599,0.9993,0.999366,0.998745,0.998745,51500.0
1558317600,1558321199,0.998745,0.998844,0.998745,0.998844,2000.0
1558321200,1558324799,0.9988,0.998963,0.998593,0.998593,103102.34203
1558324800,1558328399,0.998609,0.998806,0.998609,0.998806,4543.68394
1558328400,1558331999,0.998831,0.999137,0.998593,0.998593,15591.80161
1558332000,1558335599,0.998593,0.998593,0.9975,0.9975,21778.17944
1558335600,1558339199,0.9975,1.000029,0.9973,1.000029,7179.18719
1558357200,1558360799,0.998482,0.998482,0.9925,0.9925,23513.3198
1558360800,1558364399,0.9925,0.996765,0.9925,0.996765,2051.07878
1558364400,1558367999,0.996765,0.996806,0.994,0.994,3251.71479
1558368000,1558371599,0.996,0.996,0.993,0.993012,20027.39964
1558371600,1558375199,0.993012,0.999,0.993001,0.999,51177.66432
1558375200,1558378799,1.0,1.001,0.9971,0.998556,101905.93776
1558378800,1558382399,0.998531,0.998952,0.9971,0.998952,27718.29799
1558382400,1558385999,0.998565,1.000693,0.998565,0.998565,16214.33846
1558386000,1558389599,0.998571,0.999758,0.998571,0.99871,29568.69381
1558389600,1558393199,0.99871,0.999899,0.998692,0.99894,18299.23578
1558393200,1558396799,0.99894,0.999136,0.99894,0.998941,4106.91037
1558396800,1558400399,0.99894,1.00175,0.99894,1.0,21829.30596
1558400400,1558403999,1.000005,1.000005,0.999,0.999,33312.29099
1558407600,1558411199,0.999,0.999996,0.9925,0.9925,29358.36879
1558414800,1558418399,0.9921,0.9921,0.9921,0.9921,7505.01073
1558418400,1558421999,0.9921,0.994101,0.9921,0.9931,4001.0
1558422000,1558425599,0.992111,0.992111,0.9921,0.9921,540.7038
1558429200,1558432799,0.997497,0.999231,0.997497,0.999231,924.08996
1558436400,1558439999,0.999148,1.0,0.998967,1.0,57125.32
1558440000,1558443599,1.0,1.0037,1.0,1.0037,59756.27487
1558443600,1558447199,1.0037,1.0037,1.001939,1.002,26450.98545
1558461600,1558465199,1.002,1.002996,1.000004,1.000004,6321.56714
1558465200,1558468799,1.000001,1.0029,1.0,1.0,9158.409
1558468800,1558472399,1.000003,1.003,1.0,1.001,8792.05313
1558472400,1558475999,1.003627,1.003634,0.9995,0.9995,11324.63515
1558476000,1558479599,0.998501,0.998501,0.993,0.996582,7600.68011
1558479600,1558483199,0.996582,1.003225,0.995,1.003225,23714.48755
1558483200,1558486799,1.003225,1.003225,1.0,1.0,18454.27504
1558486800,1558490399,1.000132,1.004077,1.0,1.0,14453.55111
1558490400,1558493999,1.0,1.002814,1.0,1.0,20000.0
1558497600,1558501199,1.000001,1.000001,1.0,1.0,31372.347
1558501200,1558504799,1.0,1.0,0.998,0.998,29090.13196
1558504800,1558508399,0.998,0.998135,0.9955,0.9955,40335.0378
1558508400,1558511999,0.9953,0.9953,0.9933,0.9933,14031.22946
1558512000,1558515599,0.993202,0.99453,0.992501,0.993,12808.02799
1558522800,1558526399,0.998693,0.998693,0.99711,0.99711,106.0
1558533600,1558537199,0.998892,0.9999,0.992501,0.993,32925.94318
1558537200,1558540799,0.993,0.9999,0.993,0.999624,16500.0
1558540800,1558544399,0.999145,1.002788,0.999145,1.0,68699.09285
1558544400,1558547999,1.0,1.001392,1.0,1.001392,108.95271
1558548000,1558551599,1.0,1.0,1.0,1.0,3790.10756
1558555200,1558558799,0.999999,1.0,0.996447,1.0,21503.78653
1558558800,1558562399,1.0,1.006999,1.0,1.006999,11607.46925
1558562400,1558565999,1.00458,1.006353,0.996908,1.0022,6997.47435
1558569600,1558573199,1.0022,1.006998,1.0022,1.006998,3134.995
1558576800,1558580399,1.00056,1.00056,1.00056,1.00056,100
1558580400,1558583999,1.0035,1.009499,1.0035,1.009499,10000
1558584000,1558587599,1.008046,1.009918,1.008046,1.009918,5000
1558602000,1558605599,1.009916,1.009916,1.009916,1.009916,98.82049
1558616400,1558619999,1.007,1.007,1.00314,1.00314,1000.00044
1558620000,1558623599,0.999003,0.999138,0.999,0.999099,23322.0
1558623600,1558627199,0.998015,0.998612,0.9975,0.997867,8459.80092
1558627200,1558630799,0.997815,0.99802,0.996658,0.997967,3137.02394
1558630800,1558634399,0.997967,0.999666,0.996,0.999666,18015.88712
1558634400,1558637999,0.999666,1.000415,0.995219,0.995426,35990.49059
1558638000,1558641599,0.9955,1.003462,0.995219,1.001806,30214.87604
1558641600,1558645199,1.0,1.006635,0.995222,1.001497,28761.45998
1558645200,1558648799,1.001497,1.004251,0.994426,1.001615,25847.95996
1558648800,1558652399,1.001615,1.002859,0.995403,1.000033,25924.77737
1558652400,1558655999,1.000033,1.001222,0.99558,0.995683,29499.49296
1558656000,1558659599,0.999894,1.003858,0.995301,1.00244,62882.14959
1558659600,1558663199,1.00244,1.005331,0.993842,0.998159,54698.67688
1558663200,1558666799,0.995803,1.002533,0.995802,1.002533,11865.29367
1558666800,1558670399,1.002533,1.00799,0.995083,0.99714,20174.69516
1558670400,1558673999,0.99714,1.008716,0.994012,1.008715,23199.36327
1558674000,1558677599,1.008715,1.009917,0.996002,1.009869,11499.43458
1558677600,1558681199,1.009869,1.009916,1.000007,1.007224,10610.2322
1558681200,1558684799,1.000007,1.009914,0.9961,0.997853,23012.24505
1558684800,1558688399,1.006635,1.006635,0.9922,0.9922,82785.32973
1558688400,1558691999,0.992267,1.005777,0.992267,0.997578,20401.71346
1558692000,1558695599,1.005774,1.009599,0.993234,0.997595,35116.55775
1558695600,1558699199,0.997778,1.009596,0.993109,1.0,32040.80883
1558699200,1558702799,1.006997,1.009598,0.9925,1.00236,65252.03125
1558702800,1558706399,1.002233,1.005999,0.994001,0.994001,34298.8103
1558706400,1558709999,0.999201,1.006,0.993,1.002497,38895.48602
1558710000,1558713599,0.993099,1.0045,0.993047,1.0039,33906.48386
1558713600,1558717199,0.997603,1.0038,0.995993,0.998351,25487.54133
1558717200,1558720799,1.003797,1.003797,0.995652,1.001997,26599.77428
1558720800,1558724399,1.0,1.006,1.0,1.004987,46336.59708
1558724400,1558727999,1.00522,1.005999,0.99755,0.997807,35029.85394
1558728000,1558731599,0.997807,0.99862,0.99755,0.998122,9872.8048
1558731600,1558735199,0.998122,0.998981,0.998,0.998808,26991.07573
1558735200,1558738799,0.998808,0.998808,0.998102,0.998808,5837.11796
1558738800,1558742399,0.998103,0.998808,0.998103,0.998808,2084.56427
1558742400,1558745999,0.998808,0.998808,0.998106,0.998808,10287.73676
1558746000,1558749599,0.998808,0.999313,0.99755,0.999202,15797.20311
1558749600,1558753199,0.999202,0.999547,0.99755,0.999345,5381.75173
1558753200,1558756799,0.998099,0.999523,0.998,0.999523,7012.04388
1558756800,1558760399,0.999523,1.00014,0.998,1.00014,6745.4781
1558760400,1558763999,0.999743,0.999942,0.998224,0.998628,4548.18246
1558764000,1558767599,0.999833,1.000251,0.998223,0.999973,11698.29236
1558767600,1558771199,0.999973,1.000371,0.998223,0.999994,9648.99739
1558771200,1558774799,0.999994,1.000195,0.99755,0.99755,20094.28488
1558774800,1558778399,0.99755,1.000124,0.99755,0.998099,6847.06168
1558778400,1558781999,0.998001,1.000133,0.998,1.000132,4348.71081
1558782000,1558785599,0.998001,1.000133,0.998,1.000132,3747.53204
1558785600,1558789199,0.998001,1.000133,0.998001,0.998001,1621.76527
1558789200,1558792799,1.000132,1.00059,0.998001,1.000377,4256.44528
1558792800,1558796399,0.998003,1.001619,0.998,1.000512,14866.13859
1558796400,1558799999,1.000512,1.001541,0.998,1.001538,10184.92234
1558800000,1558803599,1.001538,1.001604,0.997,1.001576,11748.46035
1558803600,1558807199,1.001582,1.001582,0.997,1.001494,5240.51768
1558807200,1558810799,1.0015,1.0015,0.997,0.997004,19446.90994
1558810800,1558814399,1.00148,1.001499,0.997001,1.001497,6969.5503
1558814400,1558817999,0.997005,1.001497,0.997005,1.001046,3148.69242
1558818000,1558821599,0.997007,1.001376,0.997007,1.001075,2392.35664
1558821600,1558825199,0.99701,1.001072,0.997008,1.001032,14646.38532
1558825200,1558828799,0.997051,1.001041,0.997051,1.000728,3039.76921
1558828800,1558832399,1.000723,1.000725,0.997011,0.999965,13598.33891
1558832400,1558835999,0.999969,1.00005,0.997015,1.000049,3195.89917
1558836000,1558839599,1.000049,1.001348,0.997014,1.001317,2669.08188
1558839600,1558843199,0.997015,1.001359,0.997014,1.001359,1826.77915
1558843200,1558846799,1.001359,1.001359,0.997116,0.997201,1290.72868
1558846800,1558850399,1.001336,1.001337,0.997122,1.001294,1215.56119
1558850400,1558853999,1.001291,1.001323,0.997123,1.000816,2919.13003
1558854000,1558857599,1.000812,1.001317,0.997353,0.997601,1707.21936
1558857600,1558861199,1.000815,1.001323,0.997346,1.001321,1303.50914
1558861200,1558864799,1.001318,1.001322,0.997348,1.000981,526.61514
1558864800,1558868399,1.00098,1.000997,0.997348,1.000995,1774.21369
1558868400,1558871999,1.000997,1.000997,0.997986,1.000997,1651.07269
1558872000,1558875599,1.000997,1.000997,0.998091,1.000995,2308.2326
1558875600,1558879199,1.000555,1.000556,0.999,1.0,3847.677
1558879200,1558882799,1.0,1.000997,0.999,1.000997,12509.31388
1558882800,1558886399,1.000997,1.000997,0.999001,0.9999,4364.13372
1558886400,1558889999,0.9999,1.000997,0.999005,1.000994,2502.49462
1558890000,1558893599,1.000997,1.000997,1.000996,1.000997,5224.32616
1558893600,1558897199,1.000996,1.0035,1.000996,1.003497,10476.38225
1558897200,1558900799,1.003493,1.003996,1.0,1.003754,16731.7866
1558900800,1558904399,1.003888,1.004918,1.000001,1.001337,28753.22309
1558904400,1558907999,1.004404,1.005,1.0,1.00252,48569.42165
1558908000,1558911599,1.00252,1.005,1.000583,1.004997,20894.81473
1558911600,1558915199,1.004997,1.0055,1.000303,1.005499,9708.29891
1558915200,1558918799,1.006804,1.006988,1.0005,1.0005,15591.69202
1558918800,1558922399,1.0006,1.005986,1.000511,1.00498,19971.49877
1558922400,1558925999,1.00498,1.00498,1.0012,1.002549,2949.12974
1558926000,1558929599,1.002549,1.003899,1.001203,1.003899,10813.88388
1558929600,1558933199,1.003899,1.003899,1.001203,1.00268,6712.30056
1558933200,1558936799,1.00268,1.00268,1.001312,1.00268,2049.44308
1558936800,1558940399,1.00268,1.006,1.000784,1.005999,16424.86001
1558940400,1558943999,1.005999,1.006,1.000911,1.005999,16750.98288
1558944000,1558947599,1.005999,1.00899,1.001012,1.00309,28216.41856
1558947600,1558951199,1.008432,1.008438,1.002534,1.008437,1747.80774
1558951200,1558954799,1.008437,1.009296,1.002686,1.009296,2546.40918
1558954800,1558958399,1.009296,1.0093,1.002726,1.0093,30912.19908
1558958400,1558961999,1.0093,1.0093,1.002836,1.009297,3675.99342
1558962000,1558965599,1.0093,1.009599,1.002684,1.0037,21042.91183
1558965600,1558969199,1.0037,1.0096,1.002034,1.007966,22565.2208
1558969200,1558972799,1.002509,1.009599,1.002509,1.008989,16079.65057
1558972800,1558976399,1.008987,1.008998,1.002787,1.008432,20568.512
1558976400,1558979999,1.008427,1.008437,1.003001,1.003211,10298.43265
1558980000,1558983599,1.007999,1.007999,1.003003,1.007996,8506.76087
1558983600,1558987199,1.007996,1.007996,1.00345,1.005,4360.66236
1558987200,1558990799,1.005,1.005,1.00345,1.00345,10177.92829
1558990800,1558994399,1.00345,1.005,1.001276,1.004997,7870.93651
1558994400,1558997999,1.001302,1.004999,1.001275,1.001337,10379.62352
1558998000,1559001599,1.001337,1.004996,1.001337,1.004996,7559.89256
1559001600,1559005199,1.004996,1.004996,1.001139,1.004709,16953.86192
1559005200,1559008799,1.004709,1.004709,1.001343,1.003,2208.92297
1559008800,1559012399,1.003,1.003,1.001609,1.003,3001.12709
1559012400,1559015999,1.001695,1.003,1.001695,1.003,15236.26807
1559016000,1559019599,1.003,1.003,1.001655,1.003,6738.32666
1559019600,1559023199,1.003,1.003,1.001,1.001063,21607.1076
1559023200,1559026799,1.002999,1.002999,1.001062,1.001065,4138.61479
1559026800,1559030399,1.002999,1.002999,1.001,1.001001,7201.79972
1559030400,1559033999,1.001001,1.002999,1.001001,1.002999,1672.00916
1559034000,1559037599,1.00275,1.002999,1.00275,1.00275,1349.57989
1559037600,1559041199,1.002999,1.003,1.00275,1.00275,9172.23994
1559041200,1559044799,1.003,1.003,1.00275,1.003,1652.00943
1559044800,1559048399,1.002999,1.004996,1.002751,1.002751,2679.20345
1559048400,1559051999,1.004562,1.004797,1.00275,1.004659,2485.24695
1559052000,1559055599,1.004658,1.0075,1.002751,1.007499,4130.78973
1559055600,1559059199,1.007499,1.00783,1.00275,1.003,10782.26723
1559059200,1559062799,1.007828,1.00783,1.002002,1.006989,5497.11288
1559062800,1559066399,1.003001,1.007369,1.002001,1.002001,6395.62855
1559066400,1559069999,1.002099,1.0021,1.002,1.0021,7309.24678
1559070000,1559073599,1.002001,1.006983,1.002001,1.006979,9745.08606
1559073600,1559077199,1.006976,1.006976,1.002012,1.006352,2936.60626
1559077200,1559080799,1.006356,1.007,1.004,1.005,4579.90973
1559080800,1559084399,1.005,1.006545,1.0021,1.002104,7296.03277
1559084400,1559087999,1.002104,1.006812,1.0021,1.004996,4432.65478
1559088000,1559091599,1.006772,1.007,1.002101,1.006998,6484.26523
1559091600,1559095199,1.007,1.0074,1.002133,1.0074,9421.17737
1559095200,1559098799,1.002479,1.0074,1.002108,1.007234,2293.81526
1559098800,1559102399,1.002128,1.00875,1.002128,1.00875,10199.31579
1559102400,1559105999,1.00875,1.0091,1.003774,1.0091,4417.7565
1559106000,1559109599,1.0091,1.0091,1.007,1.0091,27867.6902
1559109600,1559113199,1.0091,1.0091,1.0076,1.00909,11761.02894
1559113200,1559116799,1.00909,1.00909,1.0076,1.00899,2107.71087
1559116800,1559120399,1.00899,1.00899,1.004195,1.004195,4141.10034
1559120400,1559123999,1.004195,1.008989,1.003817,1.006,12940.97919
1559124000,1559127599,1.005999,1.005999,1.004257,1.0044,3659.00267
1559127600,1559131199,1.004413,1.007,1.0044,1.007,4759.67323
1559131200,1559134799,1.004443,1.006999,1.0043,1.006999,8449.04666
1559134800,1559138399,1.006999,1.006999,1.004446,1.006992,9035.91913
1559138400,1559141999,1.006989,1.006994,1.004612,1.006994,3675.81503
1559142000,1559145599,1.004922,1.006994,1.004921,1.005023,5140.82591
1559145600,1559149199,1.005023,1.008,1.004607,1.007999,15149.96938
1559149200,1559152799,1.007999,1.008,1.00423,1.007994,22483.90326
1559152800,1559156399,1.007994,1.007995,1.005213,1.005213,3608.38123
1559156400,1559159999,1.007995,1.00899,1.005213,1.005322,20909.17834
1559160000,1559163599,1.005326,1.008989,1.005095,1.005379,12618.60709
1559163600,1559167199,1.005395,1.006,1.0031,1.005999,30605.19576
1559167200,1559170799,1.005999,1.008988,1.001785,1.008975,101598.41148
1559170800,1559174399,1.008989,1.008989,1.004647,1.004657,2899.12129
1559174400,1559177999,1.008987,1.008989,1.004446,1.006,3767.38045
1559178000,1559181599,1.006,1.006,1.004445,1.005999,1279.52179
1559181600,1559185199,1.004244,1.0095,1.004123,1.008367,252824.96285
1559185200,1559188799,1.008367,1.009498,1.004123,1.009498,4544.49245
1559188800,1559192399,1.009498,1.0095,1.005249,1.009346,8466.26825
1559192400,1559195999,1.009346,1.009498,1.005252,1.007917,3686.52475
1559196000,1559199599,1.007864,1.007929,1.005252,1.005999,3866.91568
1559199600,1559203199,1.00792,1.007921,1.0025,1.006,12685.89105
1559203200,1559206799,1.006,1.009498,1.004,1.009398,17819.24274
1559206800,1559210399,1.009398,1.0094,1.007,1.007,8650.22329
1559210400,1559213999,1.0094,1.009498,1.007,1.009497,4797.68926
1559214000,1559217599,1.009497,1.0095,1.005063,1.0075,14201.77514
1559217600,1559221199,1.0075,1.0096,1.0075,1.009551,5142.40083
1559221200,1559224799,1.009551,1.009551,1.0095,1.0095,103951.27276
1559224800,1559228399,1.0095,1.009551,1.006003,1.009548,17603.20304
1559228400,1559231999,1.009548,1.009549,1.006677,1.008,7632.63363
1559232000,1559235599,1.006677,1.009551,1.005001,1.008,107074.59202
1559235600,1559239199,1.008,1.008,1.004514,1.006286,21898.83175
1559239200,1559242799,1.006286,1.008,1.00621,1.006211,28401.9806
1559242800,1559246399,1.00621,1.006211,1.005,1.005,5597.73062
1559246400,1559249999,1.005712,1.005715,1.003091,1.004,85395.62901
1559250000,1559253599,1.004,1.0099,0.999,1.008981,557849.59059
1559253600,1559257199,1.00956,1.00956,0.999185,1.000006,43743.40607
1559257200,1559260799,1.000111,1.007719,0.999103,0.999107,49906.27885
1559260800,1559264399,0.999107,1.006997,0.999105,1.006997,106785.71526
1559264400,1559267999,1.000743,1.002073,0.9985,1.00095,32528.81158
1559268000,1559271599,1.001292,1.001729,0.998375,0.998475,11230.55395
1559271600,1559275199,1.001585,1.003072,0.998381,1.002581,3819.3562
1559275200,1559278799,1.002579,1.002581,1.000001,1.001025,12683.79698
1559278800,1559282399,1.001027,1.001658,1.001,1.001597,5800.86301
1559282400,1559285999,1.001597,1.002057,1.001,1.001176,13718.84655
1559286000,1559289599,1.0011,1.0011,0.9982,0.9982,29460.8287
1559289600,1559293199,0.998203,0.999443,0.998104,0.998317,6709.53042
1559293200,1559296799,0.999443,0.999555,0.998317,0.999552,14596.63683
1559296800,1559300399,0.999555,1.000079,0.9981,1.000079,26125.26748
1559300400,1559303999,1.00011,1.00011,0.9981,0.999367,17091.88829
1559304000,1559307599,0.999364,0.999965,0.998,0.998099,10020.41237
1559307600,1559311199,0.999499,0.9995,0.998,0.9995,19652.76203
1559311200,1559314799,0.9995,0.9995,0.999498,0.9995,27485.45088
1559314800,1559318399,0.9995,0.9995,0.999499,0.9995,11097.81624
1559318400,1559321999,0.9995,1.002401,0.999498,1.00096,28993.67845
1559322000,1559325599,1.00096,1.001077,0.9999,1.000692,4053.15197
1559325600,1559329199,0.9999,1.001526,0.9999,1.0,9033.81252
1559329200,1559332799,1.0,1.001022,0.999001,1.001018,24067.90855
1559332800,1559336399,1.001018,1.001021,0.9985,1.000211,17556.13302
1559336400,1559339999,1.000226,1.001047,0.998501,1.000925,21324.32008
1559340000,1559343599,1.000894,1.000894,0.9985,1.000836,5070.48999
1559343600,1559347199,1.000827,1.000827,0.9985,0.9985,2059.51314
1559347200,1559350799,0.999997,1.0,0.998221,0.998222,5194.15983
1559350800,1559354399,0.99822,1.001348,0.9981,1.001348,26469.28595
1559354400,1559357999,1.0012,1.001946,1.0,1.001943,4732.49889
1559358000,1559361599,1.001943,1.001961,1.000004,1.001959,1223.8272
1559361600,1559365199,1.00195,1.003,1.000006,1.002082,6069.14226
1559365200,1559368799,1.000103,1.002344,1.000103,1.002103,3010.07977
1559368800,1559372399,1.002099,1.002104,1.0,1.000101,1034.96372
1559372400,1559375999,1.001637,1.0035,1.001625,1.002278,11748.30107
1559376000,1559379599,1.002278,1.0035,1.000103,1.002307,13165.23497
1559379600,1559383199,1.00231,1.00231,0.998501,0.999541,6766.59905
1559383200,1559386799,0.9985,0.999947,0.998,0.998103,13409.69708
1559386800,1559390399,0.999537,0.999537,0.998,0.999497,3722.70207
1559390400,1559393999,0.999497,1.000286,0.998215,0.999502,3343.29483
1559394000,1559397599,0.999502,0.999962,0.998216,0.999962,5593.64876
1559397600,1559401199,0.998224,1.000214,0.998223,1.000214,3796.00213
1559401200,1559404799,1.000214,1.000436,0.999008,1.000299,3788.73477
1559404800,1559408399,1.000299,1.00068,0.999253,1.0002,4897.49131
1559408400,1559411999,1.0002,1.001782,0.999253,0.999253,19287.05365
1559412000,1559415599,1.000393,1.00099,0.998515,1.000636,10422.69646
1559415600,1559419199,1.000636,1.000829,0.998506,1.000829,839.81054
1559419200,1559422799,1.000829,1.001782,0.999101,1.001143,12743.44463
1559422800,1559426399,1.000949,1.001731,0.998001,1.001445,52925.24927
1559426400,1559429999,1.001445,1.001503,0.998,1.001464,15792.12768
1559430000,1559433599,1.001466,1.001503,0.998,1.001498,18741.96265
1559433600,1559437199,1.001465,1.001728,0.9979,1.00139,26750.35114
1559437200,1559440799,1.00139,1.001416,0.9979,1.001094,6397.13261
1559440800,1559444399,1.001092,1.001098,0.997906,1.001093,3341.73188
1559444400,1559447999,0.997928,1.0011,0.997928,1.0011,10293.74901
1559448000,1559451599,1.0011,1.0011,0.997948,1.001066,123.28812
1559451600,1559455199,1.001066,1.001099,0.997955,1.001031,228.72945
1559455200,1559458799,1.001091,1.0011,0.9979,0.9979,20894.29793
1559458800,1559462399,0.99775,1.0011,0.99775,1.0011,25273.98481
1559462400,1559465999,1.0011,1.0011,0.997599,0.997599,25032.40051
1559466000,1559469599,1.000912,1.001059,0.997599,1.001052,861.6968
1559469600,1559473199,1.001099,1.001099,0.9976,1.00095,935.79949
1559473200,1559476799,1.000911,1.000911,0.99755,0.99755,14801.28735
1559476800,1559480399,0.99755,0.997675,0.997529,0.997675,4328.59952
1559480400,1559483999,0.997675,1.001099,0.997529,1.001099,3354.34211
1559484000,1559487599,1.001097,1.0011,0.997532,1.000094,1515.15318
1559487600,1559491199,0.997541,1.001098,0.997529,1.000236,11428.15252
1559491200,1559494799,1.001071,1.0011,0.997529,0.997531,22580.85131
1559494800,1559498399,1.001059,1.0011,0.997531,1.000094,1282.12099
1559498400,1559501999,1.000094,1.0011,0.998002,1.001098,2529.80018
1559502000,1559505599,0.999989,1.001098,0.997529,0.9995,6484.45121
1559505600,1559509199,0.997538,0.999999,0.99753,0.9994,3082.4282
1559509200,1559512799,0.9994,0.9994,0.99753,0.998,873.08796
1559512800,1559516399,0.998,0.998,0.99753,0.998,2891.53049
1559516400,1559519999,0.9976,0.998,0.99753,0.998,2547.97881
1559520000,1559523599,0.998,0.998,0.998,0.998,1005.58199
1559523600,1559527199,0.998,0.998,0.9976,0.998,10711.169
1559527200,1559530799,0.997995,1.0,0.9976,0.999958,2640.93683
1559530800,1559534399,1.0,1.001099,0.999958,1.001098,5915.10292
1559534400,1559537999,1.001098,1.001098,1.001076,1.00108,2160.48019
1559538000,1559541599,1.001099,1.001099,1.000344,1.001099,5020.34961
1559541600,1559545199,1.001099,1.0011,1.0,1.0011,8399.83946
1559545200,1559548799,1.0011,1.0011,1.000842,1.0011,16563.65027
1559548800,1559552399,1.0011,1.002024,0.999237,1.002018,5919.07501
1559552400,1559555999,1.002022,1.002022,1.000088,1.0015,518.1794
1559556000,1559559599,1.000629,1.0015,0.99831,0.998311,3310.01547
1559559600,1559563199,1.0015,1.0015,0.997985,0.997985,2554.32975
1559563200,1559566799,1.001499,1.0015,0.997985,1.000781,1783.88245
1559566800,1559570399,1.000677,1.001337,0.997985,1.001111,2273.51205
1559570400,1559573999,0.997985,1.0014,0.997985,1.0014,2539.6907
1559574000,1559577599,1.001398,1.002024,0.997808,0.9995,30154.69495
1559577600,1559581199,0.9995,1.001499,0.997817,1.0,8255.36923
1559581200,1559584799,1.0,1.0015,0.997801,0.997801,7993.38116
1559584800,1559588399,0.997801,1.000005,0.9975,1.000005,22523.07028
1559588400,1559591999,1.000005,1.000219,0.9975,0.999144,8045.4504
1559592000,1559595599,0.999144,0.999151,0.9975,0.9975,9198.5879
1559595600,1559599199,0.997964,0.998362,0.9975,0.998188,9602.08899
1559599200,1559602799,0.998188,0.998959,0.998,0.998883,1696.59141
1559602800,1559606399,0.998888,1.001389,0.998382,1.001389,16593.98718
1559606400,1559609999,1.001389,1.0033,0.999582,1.003297,30671.65526
1559610000,1559613599,1.003297,1.003297,0.998,0.998116,24299.25883
1559613600,1559617199,0.998116,1.003161,0.998,1.002633,4559.44754
1559617200,1559620799,1.002117,1.003277,1.001047,1.001399,9357.86132
1559620800,1559624399,1.001687,1.004091,1.001285,1.004091,80058.90874
1559624400,1559627999,1.003729,1.004091,1.002081,1.004091,984.67515
1559628000,1559631599,1.004091,1.004091,1.001909,1.001909,11842.57213
1559631600,1559635199,1.00191,1.00388,1.001908,1.00388,2682.68974
1559635200,1559638799,1.00388,1.00388,1.001918,1.00388,1755.05908
1559638800,1559642399,1.00388,1.004091,1.001918,1.003597,16324.58684
1559642400,1559645999,1.003597,1.003999,1.00178,1.002125,14128.19354
1559646000,1559649599,1.002125,1.0043,1.002125,1.0043,29836.40158
1559649600,1559653199,1.0043,1.0043,1.003707,1.0043,6795.99803
1559653200,1559656799,1.0043,1.0048,1.002001,1.004758,11712.85799
1559656800,1559660399,1.004798,1.0048,1.002001,1.003525,1499.73547
1559660400,1559663999,1.004735,1.004799,1.002006,1.004798,3583.60376
1559664000,1559667599,1.004798,1.004799,1.002007,1.004786,1966.09778
1559667600,1559671199,1.002306,1.0051,1.002306,1.0051,25642.87519
1559671200,1559674799,1.0051,1.00608,1.002757,1.00608,32760.16337
1559674800,1559678399,1.00608,1.009,1.005,1.005999,248428.39136
1559678400,1559681999,1.005263,1.009419,1.005099,1.00941,65192.13826
1559682000,1559685599,1.009418,1.009419,1.005309,1.00532,7392.56277
1559685600,1559689199,1.00532,1.009,1.005012,1.005012,19857.47929
1559689200,1559692799,1.008991,1.008991,1.005,1.005,14062.1448
1559692800,1559696399,1.005,1.00863,1.002216,1.005996,13982.88904
1559696400,1559699999,1.002439,1.008997,1.002438,1.007,1593.39848
1559700000,1559703599,1.005,1.008789,1.000945,1.0025,7917.83321
1559703600,1559707199,1.000944,1.007483,1.000944,1.004141,1349.80274
1559707200,1559710799,1.000864,1.004979,1.000863,1.000864,653.42527
1559710800,1559714399,1.004971,1.005047,1.000801,1.003893,3102.0613
1559714400,1559717999,1.000801,1.005046,1.000369,1.004285,1142.98183
1559718000,1559721599,1.000404,1.005046,1.000003,1.002825,1171.59676
1559721600,1559725199,1.002836,1.003787,1.002836,1.003787,24.11361
1559725200,1559728799,1.002939,1.002997,1.000001,1.001792,612.27439
1559728800,1559732399,1.000005,1.004992,1.000002,1.002948,1888.89906
1559732400,1559735999,1.002977,1.005044,1.000002,1.001003,3372.89739
1559736000,1559739599,1.003095,1.004408,1.001001,1.004408,995.90955
1559739600,1559743199,1.001003,1.00441,1.001,1.001,8981.15167
1559743200,1559746799,1.001,1.004999,1.000001,1.000388,3105.13473
1559746800,1559750399,1.000617,1.004997,1.00019,1.00355,10165.51902
1559750400,1559753999,1.003553,1.003731,1.001,1.003731,15397.99486
1559754000,1559757599,1.002002,1.004122,1.000001,1.002713,10462.05846
1559757600,1559761199,1.000002,1.004733,1.000002,1.003486,2974.63427
1559761200,1559764799,1.004449,1.005047,1.001001,1.005014,49803.08419
1559764800,1559768399,1.002289,1.005046,1.002031,1.0033,3174.24299
1559768400,1559771999,1.004802,1.005046,1.002105,1.005046,2090.20066
1559772000,1559775599,1.005046,1.005047,1.002011,1.00204,3540.58183
1559775600,1559779199,1.005046,1.005047,1.00025,1.00025,31932.12712
1559779200,1559782799,1.005046,1.005046,1.001562,1.005043,1235.1687
1559782800,1559786399,1.005046,1.005046,1.002417,1.002417,1439.05322
1559786400,1559789999,1.002424,1.005046,1.002413,1.005044,4010.58611
1559790000,1559793599,1.002413,1.005045,1.002413,1.005044,825.60431
1559793600,1559797199,1.005045,1.006209,1.002413,1.006097,24897.96822
1559797200,1559800799,1.006,1.0061,1.002226,1.00588,22477.11638
1559800800,1559804399,1.005789,1.005967,1.002229,1.005896,402.34939
1559804400,1559807999,1.005889,1.005897,1.00584,1.005897,83.1327
1559808000,1559811599,1.005893,1.005899,1.002228,1.005895,400.01405
1559811600,1559815199,1.005869,1.005897,1.002229,1.005757,2437.31703
1559815200,1559818799,1.002228,1.005822,1.002228,1.005624,826.07488
1559818800,1559822399,1.005624,1.005624,1.003,1.005624,10698.952
1559822400,1559825999,1.003001,1.00549,1.003,1.00549,7251.82572
1559826000,1559829599,1.005488,1.005491,1.003,1.003,750.87073
1559829600,1559833199,1.005487,1.006031,1.005487,1.006031,17824.20187
1559833200,1559836799,1.005701,1.008222,1.005,1.006082,23397.94329
1559836800,1559840399,1.006082,1.006483,1.003007,1.00302,14844.05663
1559840400,1559843999,1.005106,1.00616,1.003008,1.00616,593.91616
1559844000,1559847599,1.00616,1.006762,1.003003,1.003003,29923.98527
1559847600,1559851199,1.005153,1.006,1.003004,1.005366,10767.14256
1559851200,1559854799,1.005366,1.005565,1.004,1.005334,3351.97952
1559854800,1559858399,1.005334,1.005566,1.004,1.005565,1998.43536
1559858400,1559861999,1.005504,1.005765,1.004,1.005765,5120.96926
1559862000,1559865599,1.005765,1.005877,1.004001,1.005874,1441.55799
1559865600,1559869199,1.004001,1.004001,1.003003,1.004,10810.05615
1559869200,1559872799,1.003003,1.004,1.003003,1.003004,2482.60072
1559872800,1559876399,1.003003,1.004,1.0023,1.003694,3036.27738
1559876400,1559879999,1.0023,1.003997,1.002226,1.0033,19647.78419
1559880000,1559883599,1.0033,1.004001,0.997499,0.99878,256528.46034
1559883600,1559887199,1.001959,1.002163,0.997892,0.997901,5745.26008
1559887200,1559890799,0.998121,1.003931,0.997765,1.001571,16310.68768
1559890800,1559894399,1.001544,1.00257,0.998088,1.001644,17576.8823
1559894400,1559897999,1.000001,1.000001,0.998089,0.998092,4358.70035
1559898000,1559901599,0.998092,1.000982,0.998089,1.000002,1648.05268
1559901600,1559905199,1.000002,1.000002,1.000001,1.000001,1410.10442
1559905200,1559908799,1.000002,1.003846,1.000001,1.000006,1030.38577
1559908800,1559912399,1.001,1.002561,0.999,1.000003,17107.52367
1559912400,1559915999,1.001,1.003846,1.000003,1.002008,906.35347
1559916000,1559919599,1.002008,1.003824,1.000005,1.003219,5179.81337
1559919600,1559923199,1.00321,1.003648,1.001002,1.003183,4935.46586
1559923200,1559926799,1.003101,1.003844,1.000009,1.003388,29367.19657
1559926800,1559930399,1.003381,1.005251,1.001029,1.003322,73407.8704
1559930400,1559933999,1.004061,1.004135,1.001,1.0016,6402.32859
1559934000,1559937599,1.0016,1.003686,1.0,1.0,42143.68319
1559937600,1559941199,1.0,1.002877,1,1.000631,9617.75309
1559941200,1559944799,1.000619,1.002859,1,1.000001,2018.98642
1559944800,1559948399,1.000008,1.004721,1.000003,1.003022,11332.41644
1559948400,1559951999,1.000011,1.002812,1.000011,1.000507,1278.60005
1559952000,1559955599,1.00278,1.002789,1.0005,1.00278,416.76898
1559955600,1559959199,1.00278,1.00278,1.000082,1.000775,8157.46079
1559959200,1559962799,1.002549,1.002549,1,1.0,153.97002
1559962800,1559966399,1.001243,1.00215,1,1.002034,341.42808
1559966400,1559969999,1.002028,1.002028,1.0,1.000775,167.13064
1559970000,1559973599,1.000775,1.00095,1.000767,1.00095,468.59715
1559973600,1559977199,1.000003,1.002665,1,1.000002,1637.98628
1559977200,1559980799,1.002655,1.00275,1,1.002162,7047.22004
1559980800,1559984399,1.0013,1.002162,1.0012,1.0013,4126.06295
1559984400,1559987999,1.0012,1.002752,1.001,1.001,4436.82048
1559988000,1559991599,1.003,1.003584,1.001001,1.003577,521.6631
1559991600,1559995199,1.00358,1.003584,1.001001,1.003582,521.98195
1559995200,1559998799,1.003584,1.003603,1.001002,1.001019,2820.83818
1559998800,1560002399,1.003287,1.003808,1.00111,1.001405,309.20111
1560002400,1560005999,1.003989,1.004698,1.002,1.004698,3478.08625
1560006000,1560009599,1.004677,1.004699,1.003,1.004699,5586.46599
1560009600,1560013199,1.0047,1.0047,1.003,1.004699,288.57463
1560013200,1560016799,1.004699,1.0047,1.002,1.004545,15191.12793
1560016800,1560020399,1.002,1.004698,1.002,1.004688,8191.43194
1560020400,1560023999,1.002009,1.0047,1.002,1.0047,10955.23974
1560024000,1560027599,1.0047,1.0047,1.003009,1.004699,1567.65389
1560027600,1560031199,1.004699,1.0047,1.003075,1.0047,746.99204
1560031200,1560034799,1.0047,1.0047,1.003075,1.004699,771.71175
1560034800,1560038399,1.004699,1.0047,1.003075,1.0047,413.72185
1560038400,1560041999,1.0047,1.0047,1.003062,1.00307,4112.58118
1560042000,1560045599,1.00307,1.0047,1.00307,1.0047,1126.71683
1560045600,1560049199,1.004699,1.0047,1.00307,1.0047,289.26299
1560049200,1560052799,1.0047,1.0047,1.00307,1.0047,2809.3333
1560052800,1560056399,1.0047,1.0047,1.0035,1.0035,512.64215
1560056400,1560059999,1.0047,1.0047,1.0035,1.0047,520.40669
1560060000,1560063599,1.0047,1.0047,1.0035,1.003501,2658.84275
1560063600,1560067199,1.0047,1.0047,1.0047,1.0047,754.55925
1560067200,1560070799,1.0047,1.0047,1.004641,1.0047,163.72058
1560070800,1560074399,1.0047,1.0047,1.004,1.004,1069.90493
1560074400,1560077999,1.0045,1.0046,1.004,1.0046,579.03649
1560078000,1560081599,1.0046,1.004625,1.004,1.004625,1960.5663
1560081600,1560085199,1.004625,1.0047,1.004,1.0047,1554.90273
1560085200,1560088799,1.004009,1.006184,1.004009,1.006141,26832.22448
1560088800,1560092399,1.006185,1.00674,1.006184,1.006739,682.97001
1560092400,1560095999,1.004139,1.006734,1.004027,1.006,615.3904
1560096000,1560099599,1.006,1.008221,1.004,1.007937,108475.51369
1560099600,1560103199,1.007942,1.007997,1.003,1.005986,17999.4636
1560103200,1560106799,1.003,1.005983,1.0025,1.004997,4994.96533
1560106800,1560110399,1.004998,1.005,1.003,1.0049,7587.89182
1560110400,1560113999,1.004898,1.004901,1.002,1.002,5680.02536
1560114000,1560117599,1.002,1.00499,1.001,1.004255,8571.15463
1560117600,1560121199,1.001629,1.001629,1.001,1.001009,16090.84902
1560121200,1560124799,1.001999,1.001999,0.99901,0.99901,44605.64511
1560124800,1560128399,0.99901,1.000195,0.9985,0.999986,133340.0523
1560128400,1560131999,0.999,0.999986,0.9987,0.999986,512.49453
1560132000,1560135599,0.999986,1.001487,0.999,1.001486,2303.14484
1560135600,1560139199,1.00149,1.001994,0.999,1.001967,2122.05908
1560139200,1560142799,1.001969,1.00199,0.999,1.001972,3111.21389
1560142800,1560146399,0.99902,1.007999,0.999012,1.007999,54258.55285
1560146400,1560149999,1.007999,1.008,1.003853,1.004607,11047.59678
1560150000,1560153599,1.007987,1.007989,0.999081,0.9991,7802.4238
1560153600,1560157199,0.999102,1.000017,0.999024,0.999233,14774.15096
1560157200,1560160799,0.999233,0.999629,0.999101,0.999354,4509.40158
1560160800,1560164399,0.999326,1.002259,0.999035,0.999035,21300.19659
1560164400,1560167999,0.999656,1.0045,0.999049,1.0045,17712.2022
1560168000,1560171599,1.000677,1.00398,1.000677,1.002313,10281.19346
1560171600,1560175199,1.002313,1.002313,1.001,1.00132,9848.79314
1560175200,1560178799,1.001269,1.002226,1.001,1.001,7658.40782
1560178800,1560182399,1.001148,1.001358,1.001,1.00101,1135.38425
1560182400,1560185999,1.00101,1.001567,1.00101,1.00101,8066.74084
1560186000,1560189599,1.00101,1.001553,1.000251,1.0011,3906.88164
1560189600,1560193199,1.0011,1.00217,1.001,1.00101,8826.6293
1560193200,1560196799,1.0011,1.00254,1.0001,1.000112,7543.02477
1560196800,1560200399,1.000115,1.00247,1.000013,1.000493,12502.94292
1560200400,1560203999,1.000493,1.003426,1.000001,1.001427,3962.19763
1560204000,1560207599,1.002652,1.004398,1.001362,1.004282,4442.3642
1560207600,1560211199,1.00306,1.004497,1.003009,1.003025,4531.65798
1560211200,1560214799,1.003025,1.003025,1.001604,1.00165,3247.90252
1560214800,1560218399,1.00165,1.003,1.001401,1.00147,2203.24365
1560218400,1560221999,1.00147,1.002,1.001296,1.002,1696.06286
1560222000,1560225599,1.0015,1.002,1.000437,1.001132,4400.57743
1560225600,1560229199,1.001132,1.002,1.000001,1.0009,5574.77382
1560229200,1560232799,1.0009,1.002,1.00088,1.00088,751.79133
1560232800,1560236399,1.00088,1.002,1.000642,1.00068,2919.43974
1560236400,1560239999,1.00068,1.003991,1.00068,1.00124,10830.04728
1560240000,1560243599,1.00124,1.002959,1.00124,1.0022,820.42277
1560243600,1560247199,1.0022,1.003993,1.000642,1.000645,3801.20072
1560247200,1560250799,1.000645,1.003993,0.999603,1.002324,28824.13691
1560250800,1560254399,1.003639,1.003926,0.999603,1.0,8978.04819
1560254400,1560257999,1.0,1.001466,0.999603,0.999606,8555.3138
1560258000,1560261599,0.999609,1.001521,0.999035,0.999036,28131.88547
1560261600,1560265199,0.999036,1.000266,0.999036,0.999036,4358.67097
1560265200,1560268799,0.999036,1.001939,0.999036,1.0,2870.2942
1560268800,1560272399,1,1.001532,1,1,7763.63362
1560272400,1560275999,1,1.000967,1,1,4201.56036
1560276000,1560279599,1.0,1.000066,1,1,1504.72414
1560279600,1560283199,1.00003,1.000065,1,1,3836.47193
1560283200,1560286799,1.0,1.004277,1.0,1.003093,49009.89132
1560286800,1560290399,1.000144,1.002447,0.999004,0.999007,13263.52677
1560290400,1560293999,0.999007,1.001935,0.998554,0.998601,5946.43683
1560294000,1560297599,0.998604,1.002324,0.998553,0.998558,13080.0734
1560297600,1560301199,0.998558,1.003099,0.998556,1.000067,2470.37048
1560301200,1560304799,1.000067,1.002869,0.999999,1.001002,4036.07619
1560304800,1560308399,1.00276,1.00288,0.9991,0.999104,7177.56488
1560308400,1560311999,0.999104,1.001,0.998564,0.999113,9759.07164
1560312000,1560315599,0.999113,1.001,0.999006,1.000703,5398.35555
1560315600,1560319199,1.000703,1.001,0.998572,1.001,5109.91514
1560319200,1560322799,0.998993,1.002856,0.998565,1,5883.72782
1560322800,1560326399,1.0,1.000999,0.9975,1,106075.36551
1560326400,1560329999,0.999988,1.000999,0.999,0.999,26214.40149
1560330000,1560333599,0.999,1.0,0.999,0.999,38259.4092
1560333600,1560337199,0.999,1.002556,0.998515,1.002556,17031.9366
1560337200,1560340799,1.000002,1.002556,1.0,1.000001,3918.92968
1560340800,1560344399,1.000001,1.000001,1.0,1,2590.61325
1560344400,1560347999,1.000001,1.000001,0.9991,1,28138.54374
1560348000,1560351599,1.0,1.000001,0.9992,0.9992,3645.34306
1560351600,1560355199,0.999201,1.002042,0.9992,0.999201,49365.63755
1560355200,1560358799,0.9992,1.0,0.9971,0.9972,170387.63749
1560358800,1560362399,0.9972,0.9999,0.9972,0.998,59982.45311
1560362400,1560365999,0.998,1.0,0.998,0.999,19129.53057
1560366000,1560369599,0.999,1.000117,0.999,1.0,21686.30287
1560369600,1560373199,1.0,1.00012,0.998005,0.998125,12382.95747
1560373200,1560376799,0.9981,0.998522,0.998005,0.998005,1404.94826
1560376800,1560380399,0.998005,1.000349,0.998,1.0,20488.44884
1560380400,1560383999,1.0,1.000315,0.996,0.996,200840.12958
1560384000,1560387599,0.996152,0.999994,0.995,0.998766,64045.59507
1560387600,1560391199,0.998766,1.00205,0.996001,1.00205,28065.60375
1560391200,1560394799,0.99911,1.00205,0.999106,1.002043,6702.34358
1560394800,1560398399,1.002043,1.002047,0.999108,0.999151,5462.50148
1560398400,1560401999,0.999151,1.002049,0.99915,0.999471,28364.48155
1560402000,1560405599,0.999156,1.00205,0.99915,0.999153,8368.66561
1560405600,1560409199,1.002049,1.002049,0.996065,0.9977,12578.59954
1560409200,1560412799,0.996065,0.999864,0.994,0.99479,15407.08596
1560412800,1560416399,0.994791,0.998878,0.994191,0.994203,8129.07539
1560416400,1560419999,0.994203,0.998877,0.994203,0.995,11038.13868
1560420000,1560423599,0.998686,0.998686,0.993002,0.993002,58138.88293
1560423600,1560427199,0.993003,0.996365,0.993002,0.995,23373.39756
1560427200,1560430799,0.995,0.998858,0.994,0.998156,19076.28801
1560430800,1560434399,0.995,0.999888,0.995,0.996,17761.52601
1560434400,1560437999,0.999821,1.000147,0.996,0.9961,30647.73287
1560438000,1560441599,0.9961,1.00242,0.9961,0.997006,28263.68702
1560441600,1560445199,1.000992,1.00243,0.997006,1.0,5124.70639
1560445200,1560448799,0.998,0.999999,0.996,0.997,59889.14256
1560448800,1560452399,0.997,0.999213,0.996,0.9973,37398.44226
1560452400,1560455999,0.998744,0.999142,0.9973,0.9974,17047.65374
1560456000,1560459599,0.9974,0.999133,0.9974,0.9975,30332.3633
1560459600,1560463199,0.9975,0.999033,0.9975,0.9975,12860.41325
1560463200,1560466799,0.9975,0.998907,0.9974,0.9976,36333.32056
1560466800,1560470399,0.9976,0.999991,0.9975,0.9976,4963.22843
1560470400,1560473999,0.9976,0.999999,0.9976,0.997601,31197.65132
1560474000,1560477599,0.9976,0.999999,0.9976,0.997603,8187.88995
1560477600,1560481199,0.997703,0.999999,0.997703,0.998001,809.64722
1560481200,1560484799,0.999999,1.002,0.998001,1.00074,10076.0418
1560484800,1560488399,1.00074,1.0035,0.998086,0.998086,45078.3477
1560488400,1560491999,0.998088,1.001836,0.9977,0.998,64671.57359
1560492000,1560495599,0.998,1.000502,0.9977,1.000502,29974.71728
1560495600,1560499199,0.997701,1.000502,0.9975,0.997501,18429.15296
1560499200,1560502799,0.997501,1.000401,0.9975,0.99752,6611.19676
1560502800,1560506399,0.99752,1.000401,0.99752,0.999795,24126.95583
1560506400,1560509999,0.998001,1.000302,0.998,0.998,4880.62826
1560510000,1560513599,1.000288,1.000288,0.998,0.998501,7415.54287
1560513600,1560517199,0.998492,1.000302,0.997501,0.998,19958.54355
1560517200,1560520799,0.999289,0.999863,0.997502,0.997502,36156.14027
1560520800,1560524399,0.997502,0.999796,0.997502,0.999707,40156.37555
1560524400,1560527999,0.999706,0.999946,0.998001,0.999689,26507.12099
1560528000,1560531599,0.998001,1.0,0.998,0.9981,46916.86576
1560531600,1560535199,0.9981,0.999879,0.9981,0.999672,4624.63923
1560535200,1560538799,0.999672,0.999681,0.9981,0.999672,8587.77786
1560538800,1560542399,0.999672,0.999681,0.9981,0.9981,10127.38463
1560542400,1560545999,0.998101,0.998101,0.998,0.998101,68389.91658
1560546000,1560549599,0.998101,0.999686,0.998,0.999678,10118.51913
1560549600,1560553199,0.999663,0.999678,0.997601,0.997612,82069.97852
1560553200,1560556799,0.997612,0.999999,0.997611,0.999987,11587.54544
1560556800,1560560399,0.997624,0.999998,0.997624,0.997645,2170.17222
1560560400,1560563999,0.999811,0.999998,0.997643,0.999998,490.70267
1560564000,1560567599,0.999998,0.999999,0.997643,0.999999,974.70196
1560567600,1560571199,0.999999,0.999999,0.997624,0.997624,102187.43776
1560571200,1560574799,0.997627,0.999994,0.9975,0.9975,50041.21805
1560574800,1560578399,0.997501,0.999996,0.9975,0.999986,670.56072
1560578400,1560581999,0.999731,0.999731,0.9975,0.9997,10450.19245
1560582000,1560585599,0.999431,0.999999,0.9975,0.997502,15247.83161
1560585600,1560589199,0.999998,0.999998,0.997501,0.999,2382.15408
1560589200,1560592799,0.999045,0.999999,0.999,0.999999,76286.101
1560592800,1560596399,0.999999,0.999999,0.999,0.999,4862.69383
1560596400,1560599999,0.999,0.999999,0.999,0.999,1410.4215
1560600000,1560603599,0.999999,0.999999,0.999,0.999999,937.53899
1560603600,1560607199,0.999,0.999999,0.999,0.999999,951.98114
1560607200,1560610799,0.999999,0.999999,0.999,0.999999,18065.46582
1560610800,1560614399,0.999999,0.999999,0.999,0.999,6368.8861
1560614400,1560617999,0.999,1.000998,0.999,1.000998,7374.67601
1560618000,1560621599,1.000998,1.001,0.999,0.999,6488.37317
1560621600,1560625199,1.000996,1.000996,0.999,1.000996,2701.57519
1560625200,1560628799,1.000996,1.001,0.999001,1.001,11010.62885
1560628800,1560632399,1.001,1.005,0.999122,1.005,206559.56488
1560632400,1560635999,1.0055,1.006712,1.005,1.006712,54670.22111
1560636000,1560639599,1.006712,1.0075,1.005101,1.007499,36044.62434
1560639600,1560643199,1.007499,1.0077,1.005101,1.007699,20883.49568
1560643200,1560646799,1.007699,1.0077,1.005101,1.0072,990.63848
1560646800,1560650399,1.007699,1.00822,1.001,1.001,101187.44764
1560650400,1560653999,1.001,1.001,0.998001,0.998003,157795.61737
1560654000,1560657599,1.001,1.001,0.998003,1.001,391.30326
1560657600,1560661199,1.001,1.001,0.999999,0.999999,7563.18999
1560661200,1560664799,1.001,1.001,0.998005,0.99999,19233.51635
1560664800,1560668399,0.99999,0.999998,0.998006,0.999998,1989.00677
1560668400,1560671999,0.999997,0.999999,0.998017,0.999999,25230.22775
1560672000,1560675599,0.999,0.999999,0.999,0.999006,3574.41093
1560675600,1560679199,0.999006,0.999006,0.998005,0.998005,70362.71236
1560679200,1560682799,0.998005,0.999999,0.998005,0.998006,3131.28821
1560682800,1560686399,0.999998,0.999999,0.998006,0.999999,646.62541
1560686400,1560689999,0.999999,0.999999,0.9997,0.9997,17980.66106
1560690000,1560693599,0.999999,0.999999,0.999,0.999004,25875.88488
1560693600,1560697199,0.999855,1.000167,0.999,0.999973,13952.19562
1560697200,1560700799,0.9999,1.000182,0.999,0.999003,7549.03712
1560700800,1560704399,1.0001,1.0001,0.999,0.999,41389.9524
1560704400,1560707999,0.999,1.0,0.998005,0.998006,37484.9428
1560708000,1560711599,0.999999,1.0,0.998006,0.998006,5925.65757
1560711600,1560715199,0.998006,0.999999,0.998005,0.998005,31264.68716
1560715200,1560718799,0.999299,1.0,0.998005,0.998006,3722.83165
1560718800,1560722399,0.998007,1.0001,0.998006,1.0001,10897.44297
1560722400,1560725999,0.998034,1.0001,0.998008,0.998036,7474.45195
1560726000,1560729599,0.998036,0.999999,0.998006,0.998007,6154.92414
1560729600,1560733199,0.998007,1.000099,0.998005,1.000099,19339.17737
1560733200,1560736799,0.998005,0.999006,0.998004,0.998005,88928.8172
1560736800,1560740399,0.998004,0.998049,0.998004,0.998049,23446.99128
1560740400,1560743999,0.998004,0.998362,0.998004,0.998352,5763.59493
1560744000,1560747599,0.998004,0.998361,0.998004,0.998004,7949.11279
1560747600,1560751199,0.998004,0.99853,0.998004,0.998004,37697.55186
1560751200,1560754799,0.998258,0.998654,0.998004,0.998004,17426.4759
1560754800,1560758399,0.998137,0.998222,0.998004,0.998222,3926.12203
1560758400,1560761999,0.998004,0.999044,0.998004,0.999,11750.97424
1560762000,1560765599,0.999,0.999534,0.999,0.999003,14769.17829
1560765600,1560769199,0.999242,0.999305,0.999,0.999,3233.89567
1560769200,1560772799,0.999,0.999315,0.999,0.999,985.36346
1560772800,1560776399,0.999315,0.999343,0.998004,0.998286,19284.65552
1560776400,1560779999,0.998004,0.999213,0.998004,0.999,20990.4101
1560780000,1560783599,0.999,0.999999,0.999,0.999,45865.84777
1560783600,1560787199,0.999,0.999998,0.998004,0.999,95891.9688
1560787200,1560790799,0.999,0.999889,0.999,0.999,5829.72619
1560790800,1560794399,0.999,0.999889,0.998004,0.998005,6472.621
1560794400,1560797999,0.998155,0.999657,0.998005,0.998005,8624.43469
1560798000,1560801599,0.998005,0.999679,0.998005,0.998005,1685.19396
1560801600,1560805199,0.998005,0.999888,0.998004,0.9994,21743.52235
1560805200,1560808799,0.9994,0.999889,0.998,0.998001,16052.18758
1560808800,1560812399,0.998001,0.999889,0.998,0.999888,19905.00662
1560812400,1560815999,0.998001,0.999888,0.9966,0.996601,86481.13836
1560816000,1560819599,0.997574,0.997574,0.995921,0.995921,55096.39986
1560819600,1560823199,0.997082,0.997082,0.99525,0.99525,13587.14235
1560823200,1560826799,0.99525,0.999999,0.99415,0.994321,53566.42841
1560826800,1560830399,0.994153,0.999382,0.994152,0.99886,1486.46871
1560830400,1560833999,0.996,0.997443,0.994163,0.997084,9943.40609
1560834000,1560837599,0.994163,0.999999,0.9941,0.994163,130595.06303
1560837600,1560841199,0.994165,0.997963,0.994101,0.995,787.10904
1560841200,1560844799,0.995,0.997686,0.995,0.995111,342.43646
1560844800,1560848399,0.995111,0.998338,0.995,0.995111,1371.85245
1560848400,1560851999,0.995111,0.998117,0.995002,0.996725,686.6364
1560852000,1560855599,0.997,0.997,0.995,0.995,12078.56862
1560855600,1560859199,0.995,0.999971,0.994006,0.997757,24532.04488
1560859200,1560862799,0.994002,0.999474,0.994002,0.994003,4695.51836
1560862800,1560866399,0.998977,0.999148,0.994002,0.997074,3193.30849
1560866400,1560869999,0.994104,0.998286,0.994,0.99714,20030.37682
1560870000,1560873599,0.994001,0.999999,0.99366,0.998923,45743.58866
1560873600,1560877199,0.999176,0.999442,0.993662,0.998349,2367.98612
1560877200,1560880799,0.995001,0.999022,0.995001,0.996,16345.54976
